Workbook

Sheet KPI Summary
A1: Last Season Player Role Baselines
B2: AVERAGE | H2: MAX | K2: STANDARD DEVIATION
A3: Position | B3: PL | C3: High IMA | D3: MII 1 | E3: MII 2 | F3: MII 3 | G3: PL 3+ | H3: MII 1 | I3: MII 2 | J3: MII 3 | K3: PL | L3: High IMA | M3: MII 1 | N3: MII 2 | O3: MII 3 | P3: PL 3+
A4: Point Guard | B4: ='PL numbers'!C21 -> 619.54839 | C4: ='High IMA numbers'!C21 -> 72.419355 | D4: ='MII 1 numbers'!C21 -> 21.451613 | E4: ='MII 2 numbers'!C21 -> 47.516129 | F4: ='MII 3 numbers'!C21 -> 71.258065 | G4: ='PL 3+ numbers'!C21 -> 173.74194 | H4: ='MII 1 numbers'!D21 -> 25 | I4: ='MII 2 numbers'!D21 -> 55 | J4: ='MII 3 numbers'!D21 -> 86 | K4: ='PL numbers'!E21 -> 157.03351 | L4: ='High IMA numbers'!E21 -> 20.774623 | M4: ='MII 1 numbers'!F21 -> 1.6296975 | N4: ='MII 2 numbers'!F21 -> 3.6043582 | O4: ='MII 3 numbers'!F21 -> 5.7327582 | P4: ='PL 3+ numbers'!E21 -> 5.7327582
A5: Primary Guard | B5: ='PL numbers'!C22 -> 546.97739 | C5: ='High IMA numbers'!C22 -> 47.896552 | D5: ='MII 1 numbers'!C22 -> 18.556705 | E5: ='MII 2 numbers'!C22 -> 41.680077 | F5: ='MII 3 numbers'!C22 -> 61.569732 | G5: ='PL 3+ numbers'!C22 -> 79.742146 | H5: ='MII 1 numbers'!D22 -> 22.333333 | I5: ='MII 2 numbers'!D22 -> 51 | J5: ='MII 3 numbers'!D22 -> 76.666667 | K5: ='PL numbers'!E22 -> 128.09404 | L5: ='High IMA numbers'!E22 -> 14.645208 | M5: ='MII 1 numbers'!F22 -> 2.0864799 | N5: ='MII 2 numbers'!F22 -> 4.5414753 | O5: ='MII 3 numbers'!F22 -> 7.0312998 | P5: ='PL 3+ numbers'!E22 -> 7.0312998
A6: Primary Forward | B6: ='PL numbers'!C23 -> 386.96667 | C6: ='High IMA numbers'!C23 -> 48.866667 | D6: ='MII 1 numbers'!C23 -> 18.566667 | E6: ='MII 2 numbers'!C23 -> 41.033333 | F6: ='MII 3 numbers'!C23 -> 57.433333 | G6: ='PL 3+ numbers'!C23 -> 65.233333 | H6: ='MII 1 numbers'!D23 -> 22 | I6: ='MII 2 numbers'!D23 -> 49 | J6: ='MII 3 numbers'!D23 -> 70 | K6: ='PL numbers'!E23 -> 81.823256 | L6: ='High IMA numbers'!E23 -> 12.538457 | M6: ='MII 1 numbers'!F23 -> 1.4345956 | N6: ='MII 2 numbers'!F23 -> 4.0118105 | O6: ='MII 3 numbers'!F23 -> 6.1492197 | P6: ='PL 3+ numbers'!E23 -> 6.1492197
A7: Secondary Guard | B7: ='PL numbers'!C24 -> 262.55518 | C7: ='High IMA numbers'!C24 -> 26.847826 | D7: ='MII 1 numbers'!C24 -> 17.170569 | E7: ='MII 2 numbers'!C24 -> 36.392977 | F7: ='MII 3 numbers'!C24 -> 47.012542 | G7: ='PL 3+ numbers'!C24 -> 41.445652 | H7: ='MII 1 numbers'!D24 -> 21 | I7: ='MII 2 numbers'!D24 -> 44 | J7: ='MII 3 numbers'!D24 -> 67.5 | K7: ='PL numbers'!E24 -> 121.39124 | L7: ='High IMA numbers'!E24 -> 12.011456 | M7: ='MII 1 numbers'!F24 -> 1.6499428 | N7: ='MII 2 numbers'!F24 -> 3.3913918 | O7: ='MII 3 numbers'!F24 -> 9.4889409 | P7: ='PL 3+ numbers'!E24 -> 9.4889409
A8: Secondary Forward | B8: ='PL numbers'!C25 -> 162.3871 | C8: ='High IMA numbers'!C25 -> 23.870968 | D8: ='MII 1 numbers'!C25 -> 17.870968 | E8: ='MII 2 numbers'!C25 -> 34.354839 | F8: ='MII 3 numbers'!C25 -> 38.774194 | G8: ='PL 3+ numbers'!C25 -> 26.483871 | H8: ='MII 1 numbers'!D25 -> 23 | I8: ='MII 2 numbers'!D25 -> 46 | J8: ='MII 3 numbers'!D25 -> 64 | K8: ='PL numbers'!E25 -> 89.726131 | L8: ='High IMA numbers'!E25 -> 14.65092 | M8: ='MII 1 numbers'!F25 -> 1.9956943 | N8: ='MII 2 numbers'!F25 -> 8.2952001 | O8: ='MII 3 numbers'!F25 -> 14.191899 | P8: ='PL 3+ numbers'!E25 -> 14.191899
A9: PRIMARY/STARTERS | B9: =AVERAGE(B4:B6) -> 517.83082 | C9: =AVERAGE(C4:C6) -> 56.394191 | D9: =AVERAGE(D4:D6) -> 19.524995 | E9: =AVERAGE(E4:E6) -> 43.409846 | F9: =AVERAGE(F4:F6) -> 63.420377 | G9: =AVERAGE(G4:G6) -> 106.23914 | H9: =AVERAGE(H4:H6) -> 23.111111 | I9: =AVERAGE(I4:I6) -> 51.666667 | ... P9: =AVERAGE(P4:P6) -> 6.3044259

Sheet Cheung_Morgan_Work_Sample
A1: wo | B1: redacted 1 | C1: redacted 2 | D1: redacted 3 | E1: redacted 4 | F1: redacted 5 | G1: redacted 6 | H1: redacted 7 | I1: redacted 8 | J1: redacted 9 | K1: redacted 10 | L1: redacted 11 | M1: redacted 12 | N1: redacted 13
A2: quarter | B2: time in | C2: time in | D2: time in | E2: time in | F2: time in | G2: time in | H2: time in | I2: time in | J2: time in | K2: time in | L2: time in | M2: time in | N2: time in
A3: 1 | B3: 0.32152778 | C3: 0.32152778 | D3: 0.19166667 | F3: 0.029861111 | G3: 0.32152778 | I3: 0.35277778 | L3: 0.32152778 | M3: 0.29166667
B4: 0.23680556 | C4: 0.31736111 | F4: 0.26527778 | G4: 0.16111111 | L4: 0.11597222 | M4: 0.0875
B5: 0.035416667
A7: 2 | B7: 0.36041667 | C7: 0.21319444 | D7: 0.21319444 | F7: 0.28888889 | G7: 0.097916667 | I7: 0.21319444 | L7: 0.21319444 | M7: 0.21319444
C8: 0.36041667 | D8: 0.093055556 | I8: 0.16944444 | L8: 0.36041667 | M8: 0.071527778
A11: 3 | B11: 0.35 | C11: 0.35 | F11: 0.15902778 | G11: 0.31527778 | I11: 0.034027778 | L11: 0.35 | M11: 0.35
B12: 0.33263889 | C12: 0.33263889 | I12: 0.33263889 | L12: 0.33263889 | M12: 0.17291667
A15: 4 | B15: 0.079861111 | C15: 0.31805556 | D15: 0.11875 | F15: 0.21180556 | G15: 0.2375 | I15: 0.31736111 | L15: 0.31736111 | M15: 0.10347222
B16: 0.13125 | C16: 0.13125 | D16: 0.011111111 | F16: 0.049305556 | G16: 0.084027778 | I16: 0.13125 | L16: 0.13125 | M16: 0.08125
B17: 0.225 | C17: 0.14097222 | D17: 0.032638889 | I17: 0.34444444 | L17: 0.34444444 | M17: 0.34444444
C18: 0.084722222 | I18: 0.011111111 | L18: 0.011111111 | M18: 0.011111111
C19: 0.011111111 | I19: 0.032638889 | L19: 0.032638889 | M19: 0.032638889
A23: warmup | H23: quarter 1
A24: player | B24: total PL | C24: high PL | D24: tPL % | E24: hPL % | H24: player | I24: mins | J24: total PL | K24: high PL | L24: tPL % | M24: hPL %
A25: redacted 1 | B25: 171 | C25: 3 | D25: =B25/750 -> 0.228 | E25: =C25/200 -> 0.015 | H25: redacted 1 | I25: =SUM(B3:B6) -> 0.59375 | J25: 172 | K25: 58 | L25: =J25/750 -> 0.22933333 | M25: =K25/200 -> 0.29
A26: redacted 2 | B26: 163 | C26: 0 | D26: =B26/720 -> 0.22638889 | E26: =C26/65 -> 0 | H26: redacted 2 | I26: =SUM(C3:C6) -> 0.63888889 | J26: 141 | K26: 13 | L26: =J26/720 -> 0.19583333 | M26: =K26/65 -> 0.2
A27: redacted 3 | B27: 167 | C27: 1 | D27: =B27/750 -> 0.22266667 | E27: =C27/185 -> 0.0054054054 | H27: redacted 3 | I27: =SUM($D3:$D6) -> 0.19166667 | J27: 45 | K27: 6 | L27: =J27/750 -> 0.06 | M27: =K27/185 -> 0.032432432
A28: redacted 4 | B28: 153 | C28: 1 | D28: =B28/700 -> 0.21857143 | E28: =C28/220 -> 0.0045454545 | H28: redacted 4 | I28: =SUM(E3:E6) -> 0 | L28: =J28/700 -> 0 | M28: =K28/220 -> 0
A29: redacted 5 | B29: 170 | C29: 0 | D29: =B29/800 -> 0.2125 | E29: =C30/220 -> 0.022727273 | H29: redacted 5 | I29: =SUM(F3:F6) -> 0.29513889 | J29: 65 | K29: 11 | L29: =J29/800 -> 0.08125 | M29: =K29/220 -> 0.05
A30: redacted 6 | B30: 156 | C30: 5 | D30: =B30/820 -> 0.1902439 | E30: =C31/240 -> 0.020833333 | H30: redacted 6 | I30: =SUM(G3:G6) -> 0.48263889 | J30: 110 | K30: 16 | L30: =J30/820 -> 0.13414634 | M30: =K30/240 -> 0.066666667
A31: redacted 7 | B31: 180 | C31: 5 | D31: =B31/620 -> 0.29032258 | E31: =C32/90 -> 0.088888889 | H31: redacted 7 | I31: =SUM(H3:H6) -> 0 | L31: =J31/620 -> 0 | M31: =K31/90 -> 0
A32: redacted 8 | B32: 225 | C32: 8 | D32: =B32/820 -> 0.27439024 | E32: =C33/200 -> 0 | H32: redacted 8 | I32: =SUM(I3:I6) -> 0.35277778 | J32: 89 | K32: 17 | L32: =J32/820 -> 0.10853659 | M32: =K32/200 -> 0.085
A33: redacted 9 | B33: 123 | C33: 0 | D33: =B33/505 -> 0.24356436 | E33: =C34/42 -> 0.16666667 | H33: redacted 9 | I33: =SUM(J3:J6) -> 0 | L33: =J33/505 -> 0 | M33: =K33/42 -> 0
A34: redacted 10 | B34: 219 | C34: 7 | D34: =B34/740 -> 0.29594595 | E34: =C35/215 -> 0.013953488 | H34: redacted 10 | I34: =SUM(K3:K6) -> 0 | L34: =J34/740 -> 0 | M34: =K34/215 -> 0
A35: redacted 11 | B35: 189 | C35: 3 | D35: =B35/800 -> 0.23625 | E35: =C36/170 -> 0 | H35: redacted 11 | I35: =SUM(L3:L6) -> 0.4375 | J35: 123 | K35: 21 | L35: =J35/800 -> 0.15375 | M35: =K35/170 -> 0.12352941
A36: redacted 12 | B36: 134 | C36: 0 | D36: =B36/580 -> 0.23103448 | E36: =C37/75 -> 0.053333333 | H36: redacted 12 | I36: =SUM(M3:M6) -> 0.37916667 | J36: 92 | K36: 11 | L36: =J36/580 -> 0.15862069 | M36: =K36/75 -> 0.14666667
A37: redacted 13 | B37: 180 | C37: 4 | D37: =B37/720 -> 0.25 | E37: =C37/100 -> 0.04 | H37: redacted 13 | I37: =SUM(N3:N6) -> 0 | L37: =J37/720 -> 0 | M37: =K37/100 -> 0
A38: TOTALS | B38: =SUM(B25:B37) -> 2230 | C38: =SUM(C25:C37) -> 37 | D38: =SUM(D25:D37) -> 3.1198785 | E38: =SUM(E25:E37) -> 0.43135384 | H38: TOTALS | I38: =SUM(I25:I37)/5 -> 0.67430556 | J38: =SUM(J25:J37) -> 837 | K38: =SUM(K25:K37) -> 153 | L38: =SUM(L25:L37) -> 1.1214703 | M38: =SUM(M25:M37) -> 0.99429518
A40: quarter 2 | H40: quarter 3
A41: player | B41: mins | C41: total PL | D41: high PL | E41: tPL % | F41: hPL % | H41: player | I41: mins | J41: total PL | K41: high PL | L41: tPL % | M41: hPL %
A42: redacted 1 | B42: =SUM(B7:B10) -> 0.36041667 | C42: 103 | D42: 36 | E42: =C42/750 -> 0.13733333 | F42: =D42/200 -> 0.18 | H42: redacted 1 | I42: =SUM(B11:B14) -> 0.68263889 | J42: 151 | K42: 35 | L42: =J42/750 -> 0.20133333 | M42: =K42/200 -> 0.175
A43: redacted 2 | B43: =SUM(C7:C10) -> 0.57361111 | C43: 133 | D43: 11 | E43: =C43/720 -> 0.18472222 | F43: =D43/65 -> 0.16923077 | H43: redacted 2 | I43: =SUM(C11:C14) -> 0.68263889 | J43: 148 | K43: 8 | L43: =J43/720 -> 0.20555556 | M43: =K43/65 -> 0.12307692
A44: redacted 3 | B44: =SUM(D7:D10) -> 0.30625 | C44: 88 | D44: 15 | E44: =C44/750 -> 0.11733333 | F44: =D44/185 -> 0.081081081 | H44: redacted 3 | I44: =SUM(D11:D14) -> 0 | L44: =J44/750 -> 0 | M44: =K44/185 -> 0
A45: redacted 4 | B45: =SUM(E7:E10) -> 0 | E45: =C45/700 -> 0 | F45: =D45/220 -> 0 | H45: redacted 4 | I45: =SUM(E11:E14) -> 0 | L45: =J45/700 -> 0 | M45: =K45/220 -> 0
A46: redacted 5 | B46: =SUM(F7:F10) -> 0.28888889 | C46: 71 | D46: 11 | E46: =C46/800 -> 0.08875 | F46: =D46/220 -> 0.05 | H46: redacted 5 | I46: =SUM(F11:F14) -> 0.15902778 | J46: 36 | K46: 5 | L46: =J46/800 -> 0.045 | M46: =K46/220 -> 0.022727273
A47: redacted 6 | B47: =SUM(G7:G10) -> 0.097916667 | C47: 21 | D47: 5 | E47: =C47/820 -> 0.025609756 | F47: =D47/240 -> 0.020833333 | H47: redacted 6 | I47: =SUM(G11:G14) -> 0.31527778 | J47: 90 | K47: 15 | L47: =J47/820 -> 0.1097561 | M47: =K47/240 -> 0.0625
A48: redacted 7 | B48: =SUM(H7:H10) -> 0 | E48: =C48/620 -> 0 | F48: =D48/90 -> 0 | H48: redacted 7 | I48: =SUM(H11:H14) -> 0 | L48: =J48/620 -> 0 | M48: =K48/90 -> 0
A49: redacted 8 | B49: =SUM(I7:I10) -> 0.38263889 | C49: 98 | D49: 14 | E49: =C49/820 -> 0.1195122 | F49: =D49/200 -> 0.07 | H49: redacted 8 | I49: =SUM(I11:I14) -> 0.36666667 | J49: 89 | K49: 16 | L49: =J49/820 -> 0.10853659 | M49: =K49/200 -> 0.08
A50: redacted 9 | B50: =SUM(J7:J10) -> 0 | E50: =C50/505 -> 0 | F50: =D50/42 -> 0 | H50: redacted 9 | I50: =SUM(J11:J14) -> 0 | L50: =J50/505 -> 0 | M50: =K50/42 -> 0
A51: redacted 10 | B51: =SUM(K7:K10) -> 0 | E51: =C51/740 -> 0 | F51: =D51/215 -> 0 | H51: redacted 10 | I51: =SUM(K11:K14) -> 0 | L51: =J51/740 -> 0 | M51: =K51/215 -> 0
A52: redacted 11 | B52: =SUM(L7:L10) -> 0.57361111 | C52: 155 | D52: 29 | E52: =C52/800 -> 0.19375 | F52: =D52/170 -> 0.17058824 | H52: redacted 11 | I52: =SUM(L11:L14) -> 0.68263889 | J52: 159 | K52: 27 | L52: =J52/800 -> 0.19875 | M52: =K52/170 -> 0.15882353
A53: redacted 12 | B53: =SUM(M7:M10) -> 0.28472222 | C53: 69 | D53: 9 | E53: =C53/580 -> 0.11896552 | F53: =D53/75 -> 0.12 | H53: redacted 12 | I53: =SUM(M11:M14) -> 0.52291667 | J53: 115 | K53: 9 | L53: =J53/580 -> 0.19827586 | M53: =K53/75 -> 0.12
A54: redacted 13 | B54: =SUM(N7:N10) -> 0 | E54: =C54/720 -> 0 | F54: =D54/100 -> 0 | H54: redacted 13 | I54: =SUM(N11:N14) -> 0 | L54: =J54/720 -> 0 | M54: =K54/100 -> 0
A55: TOTALS | B55: =SUM(B42:B54)/5 -> 0.57361111 | C55: =SUM(C42:C54) -> 738 | D55: =SUM(D42:D54) -> 130 | E55: =SUM(E42:E54) -> 0.98597636 | F55: =SUM(F42:F54) -> 0.86173342 | H55: TOTALS | I55: =SUM(I42:I54)/5 -> 0.68236111 | J55: =SUM(J42:J54) -> 788 | K55: =SUM(K42:K54) -> 115 | L55: =SUM(L42:L54) -> 1.0672074 | M55: =SUM(M42:M54) -> 0.74212773
A60: quarter 4 | H60: game totals
A61: player | B61: mins | C61: total PL | D61: high PL | E61: tPL % | F61: hPL % | H61: player | I61: mins | J61: total PL | K61: high PL | L61: tPL threshold% | M61: hPL threshold%
A62: redacted 1 | B62: =SUM(B15:B21) -> 0.43611111 | C62: 105 | D62: 35 | E62: =C62/750 -> 0.14 | F62: =D62/200 -> 0.175 | H62: redacted 1 | I62: =SUM(I25,B42,I42,B62) -> 2.0729167 | J62: =SUM(B25,J25,C42,J42,C62) -> 702 | K62: =SUM(C25,K25,D42,K42,D62) -> 167 | L62: =SUM(D25,L25,E42,L42,E62) -> 0.936 | M62: =SUM(E25,M25,F42,M42,F62) -> 0.835
A63: redacted 2 | B63: =SUM(C15:C21) -> 0.68611111 | C63: 139 | D63: 8 | E63: =C63/720 -> 0.19305556 | F63: =D63/65 -> 0.12307692 | H63: redacted 2 | I63: =SUM(I26,B43,I43,B63) -> 2.58125 | J63: =SUM(B26,J26,C43,J43,C63) -> 724 | K63: =SUM(C26,K26,D43,K43,D63) -> 40 | L63: =SUM(D26,L26,E43,L43,E63) -> 1.0055556 | M63: =SUM(E26,M26,F43,M43,F63) -> 0.61538462
A64: redacted 3 | B64: =SUM(D15:D21) -> 0.1625 | C64: 32 | D64: 5 | E64: =C64/750 -> 0.042666667 | F64: =D64/185 -> 0.027027027 | H64: redacted 3 | I64: =SUM(I27,B44,I44,B64) -> 0.66041667 | J64: =SUM(B27,J27,C44,J44,C64) -> 332 | K64: =SUM(C27,K27,D44,K44,D64) -> 27 | L64: =SUM(D27,L27,E44,L44,E64) -> 0.44266667 | M64: =SUM(E27,M27,F44,M44,F64) -> 0.14594595
A65: redacted 4 | B65: =SUM(E15:E21) -> 0 | E65: =C65/700 -> 0 | F65: =D65/220 -> 0 | H65: redacted 4 | I65: =SUM(I28,B45,I45,B65) -> 0 | J65: =SUM(B28,J28,C45,J45,C65) -> 153 | K65: =SUM(C28,K28,D45,K45,D65) -> 1 | L65: =SUM(D28,L28,E45,L45,E65) -> 0.21857143 | M65: =SUM(E28,M28,F45,M45,F65) -> 0.0045454545
A66: redacted 5 | B66: =SUM(F15:F21) -> 0.26111111 | C66: 60 | D66: 12 | E66: =C66/800 -> 0.075 | F66: =D67/220 -> 0.063636364 | H66: redacted 5 | I66: =SUM(I29,B46,I46,B66) -> 1.0041667 | J66: =SUM(B29,J29,C46,J46,C66) -> 402 | K66: =SUM(C30,K29,D46,K46,D67) -> 46 | L66: =SUM(D29,L29,E46,L46,E66) -> 0.5025 | M66: =SUM(E29,M29,F46,M46,F66) -> 0.20909091
A67: redacted 6 | B67: =SUM(G15:G21) -> 0.32152778 | C67: 69 | D67: 14 | E67: =C67/820 -> 0.084146341 | F67: =D67/820 -> 0.017073171 | H67: redacted 6 | I67: =SUM(I30,B47,I47,B67) -> 1.2173611 | J67: =SUM(B30,J30,C47,J47,C67) -> 446 | K67: =SUM(C31,K30,D47,K47,D68) -> 43 | L67: =SUM(D30,L30,E47,L47,E67) -> 0.54390244 | M67: =SUM(E30,M30,F47,M47,F67) -> 0.1879065
A68: redacted 7 | B68: =SUM(H15:H21) -> 0 | C68: 7 | D68: 2 | E68: =C68/620 -> 0.011290323 | F68: =D68/820 -> 0.0024390244 | H68: redacted 7 | I68: =SUM(I31,B48,I48,B68) -> 0 | J68: =SUM(B31,J31,C48,J48,C68) -> 187 | K68: =SUM(C32,K31,D48,K48,D69) -> 44 | L68: =SUM(D31,L31,E48,L48,E68) -> 0.3016129 | M68: =SUM(E31,M31,F48,M48,F68) -> 0.091327913
A69: redacted 8 | B69: =SUM(I15:I21) -> 0.83680556 | C69: 192 | D69: 36 | E69: =C69/820 -> 0.23414634 | F69: =D69/820 -> 0.043902439 | H69: redacted 8 | I69: =SUM(I32,B49,I49,B69) -> 1.9388889 | J69: =SUM(B32,J32,C49,J49,C69) -> 693 | K69: =SUM(C33,K32,D49,K49,D70) -> 47 | L69: =SUM(D32,L32,E49,L49,E69) -> 0.84512195 | M69: =SUM(E32,M32,F49,M49,F69) -> 0.27890244
A70: redacted 9 | B70: =SUM(J15:J21) -> 0 | E70: =C70/505 -> 0 | F70: =D70/820 -> 0 | H70: redacted 9 | I70: =SUM(I33,B50,I50,B70) -> 0 | J70: =SUM(B33,J33,C50,J50,C70) -> 123 | K70: =SUM(C34,K33,D50,K50,D71) -> 7 | L70: =SUM(D33,L33,E50,L50,E70) -> 0.24356436 | M70: =SUM(E33,M33,F50,M50,F70) -> 0.16666667
A71: redacted 10 | B71: =SUM(K15:K21) -> 0 | E71: =C71/740 -> 0 | F71: =D71/820 -> 0 | H71: redacted 10 | I71: =SUM(I34,B51,I51,B71) -> 0 | J71: =SUM(B34,J34,C51,J51,C71) -> 219 | K71: =SUM(C35,K34,D51,K51,D72) -> 43 | L71: =SUM(D34,L34,E51,L51,E71) -> 0.29594595 | M71: =SUM(E34,M34,F51,M51,F71) -> 0.013953488
A72: redacted 11 | B72: =SUM(L15:L21) -> 0.83680556 | C72: 196 | D72: 40 | E72: =C72/800 -> 0.245 | F72: =D72/820 -> 0.048780488 | H72: redacted 11 | I72: =SUM(I35,B52,I52,B72) -> 2.5305556 | J72: =SUM(B35,J35,C52,J52,C72) -> 822 | K72: =SUM(C36,K35,D52,K52,D73) -> 89 | L72: =SUM(D35,L35,E52,L52,E72) -> 1.0275 | M72: =SUM(E35,M35,F52,M52,F72) -> 0.50172166
A73: redacted 12 | B73: =SUM(M15:M21) -> 0.57291667 | C73: 106 | D73: 12 | E73: =C73/580 -> 0.18275862 | F73: =D73/820 -> 0.014634146 | H73: redacted 12 | I73: =SUM(I36,B53,I53,B73) -> 1.7597222 | J73: =SUM(B36,J36,C53,J53,C73) -> 516 | K73: =SUM(C37,K36,D53,K53,D74) -> 33 | L73: =SUM(D36,L36,E53,L53,E73) -> 0.88965517 | M73: =SUM(E36,M36,F53,M53,F73) -> 0.45463415
A74: redacted 13 | B74: =SUM(N15:N21) -> 0 | E74: =C74/720 -> 0 | F74: =D74/820 -> 0 | H74: redacted 13 | I74: =SUM(I37,B54,I54,B74) -> 0 | J74: =SUM(B37,J37,C54,J54,C74) -> 180 | K74: =SUM(D74,C37,K37,D54,K54) -> 4 | L74: =SUM(D37,L37,E54,L54,E74) -> 0.25 | M74: =SUM(E37,M37,F54,M54,F74) -> 0.04
A75: TOTALS | B75: =SUM(B62:B74)/5 -> 0.82277778 | C75: =SUM(C62:C74) -> 906 | D75: =SUM(D62:D74) -> 164 | E75: =SUM(E62:E74) -> 1.2080638 | F75: =SUM(F62:F74) -> 0.51556958 | H75: TOTALS | I75: =SUM(I62:I74)/5 -> 2.7530556 | J75: =SUM(J62:J74) -> 5499 | K75: =SUM(K62:K74) -> 591 | L75: =AVERAGE(L62:L74) -> 0.5771228 | M75: =AVERAGE(M62:M74) -> 0.27269844

Sheet scrimmage and game numbers
A1: scrimmage and game data
B2: Tot PL | C2: PL Bands 3+ | D2: PL Per Minute | F2: Tot PL | G2: PL Bands 3+ | H2: PL Per Minute | J2: Tot PL | K2: PL Bands 3+ | L2: PL Per Minute | M2: high IMA
A3: Aliyahna Morris
A4: Scrimmage vs SCU | E4: Game vs Westmont | I4: Vanderbilt
A5: Warmup | B5: 142 | C5: 4 | D5: 4.28 | E5: Warmup | F5: 152 | G5: 3 | H5: 4.4 | I5: Warmup | J5: 128 | K5: 0 | L5: 5.36 | M5: 2
A6: Quarter 1 | B6: 202 | C6: 51 | D6: 11.54 | E6: Quarter 1 | F6: 165 | G6: 27 | H6: 13 | I6: Quarter 1 | J6: 145 | K6: 38 | L6: 11.65 | M6: 21
A7: Quarter 2 | B7: 90 | C7: 23 | D7: 14.96 | E7: Quarter 2 | F7: 109 | G7: 23 | H7: 11.28 | I7: Quarter 2 | J7: 152 | K7: 36 | L7: 11.21 | M7: 18
A8: Quarter 3 | B8: 107 | C8: 26 | D8: 9.43 | E8: Quarter 3 | F8: 86 | G8: 16 | H8: 10.75 | I8: Quarter 3 | J8: 134 | K8: 21 | L8: 10.12 | M8: 20
A9: Quarter 4 | B9: 95 | C9: 18 | D9: 9.56 | E9: Quarter 4 | F9: 54 | G9: 12 | H9: 9.34 | I9: Quarter 4 | J9: 134 | K9: 34 | L9: 10.11 | M9: 20
A10: Total | B10: 635 | C10: 122 | D10: 8.15 | E10: Total | F10: 567 | G10: 81 | H10: 8.01 | I10: Total | J10: 693 | K10: 129 | L10: 9.07 | M10: 81
A11: game total | B11: =B10-B5 -> 493 | C11: =C10-C5 -> 118 | D11: =AVERAGE(D6:D9) -> 11.3725 | E11: game total | F11: =F10-F5 -> 415 | G11: =G10-G5 -> 78 | H11: =AVERAGE(H6:H9) -> 11.0925 | I11: game total | J11: =J10-J5 -> 565 | K11: =K10-K5 -> 129 | L11: =AVERAGE(L6:L9) -> 10.7725 | M11: =M10-M5 -> 79
A12: Claudia Langarita
A13: Scrimmage vs SCU | E13: Game vs Westmont | I13: Vanderbilt
A14: Warmup | B14: 105 | C14: 4 | D14: 3.15 | E14: Warmup | F14: 154 | G14: 3 | H14: 4.47 | I14: Warmup | J14: 101 | K14: 1 | L14: 4.24 | M14: 0
A15: Quarter 1 | B15: 90 | C15: 19 | D15: 9.39 | E15: Quarter 1 | F15: 73 | G15: 8 | H15: 12.19 | I15: Quarter 1 | J15: 48 | K15: 3 | L15: 7.57 | M15: 6
A16: Quarter 2 | B16: 92 | C16: 14 | D16: 9.3 | E16: Quarter 3 | F16: 69 | G16: 4 | H16: 7.81 | I16: Quarter 2 | J16: 35 | K16: 2 | L16: 8.28 | M16: 8
E17: Quarter 4 | F17: 72 | G17: 4 | H17: 7.15 | I17: Quarter 3 | J17: 30 | K17: 5 | L17: 8.77 | M17: 3
A18: Total | B18: 287 | C18: 37 | D18: 5.44 | E18: Total | F18: 368 | G18: 19 | H18: 6.2 | I18: Total | J18: 214 | K18: 11 | L18: 5.66 | M18: 17
A19: game total | B19: =B18-B14 -> 182 | C19: =C18-C14 -> 33 | D19: =AVERAGE(D15:D16) -> 9.345 | E19: game total | F19: =F18-F14 -> 214 | G19: =G18-G14 -> 16 | H19: =AVERAGE(H15:H16) -> 10 | I19: game total | J19: =J18-J14 -> 113 | K19: =K18-K14 -> 10 | L19: =AVERAGE(L15:L16) -> 7.925 | M19: =M18-M14 -> 17
A20: Gisella Maul
A21: Scrimmage vs SCU | E21: Game vs Westmont | I21: Vanderbilt
A22: Warmup | B22: 168 | C22: 21 | D22: 5.04 | E22: Warmup | F22: 197 | G22: 12 | H22: 5.7 | I22: Warmup | J22: 144 | K22: 2 | L22: 6.04 | M22: 2
A23: Quarter 1 | B23: 133 | C23: 42 | D23: 12.44 | E23: Quarter 1 | F23: 103 | G23: 27 | H23: 14.02 | I23: Quarter 1 | J23: 31 | K23: 4 | L23: 11.58 | M23: 3
A24: Quarter 2 | B24: 76 | C24: 20 | D24: 12.35 | E24: Quarter 2 | F24: 75 | G24: 13 | H24: 12.74 | I24: Quarter 2 | J24: 64 | K24: 12 | L24: 11.03 | M24: 7
A25: Quarter 3 | B25: 135 | C25: 42 | D25: 9.1 | E25: Quarter 3 | F25: 48 | G25: 13 | H25: 11.22 | I25: Quarter 4 | J25: 42 | K25: 6 | L25: 10.81 | M25: 6
A26: Quarter 4 | B26: 166 | C26: 46 | D26: 9.88 | E26: Quarter 4 | F26: 54 | G26: 11 | H26: 10.4
A27: Total | B27: 677 | C27: 171 | D27: 8.29 | E27: Total | F27: 476 | G27: 76 | H27: 8.33 | I27: Total | J27: 282 | K27: 24 | L27: 7.77 | M27: 18
A28: game total | B28: =B27-B22 -> 509 | C28: =C27-C22 -> 150 | D28: =AVERAGE(D23:D26) -> 10.9425 | E28: game total | F28: =F27-F22 -> 279 | G28: =G27-G22 -> 64 | H28: =AVERAGE(H23:H26) -> 12.095 | I28: game total | J28: =J27-J22 -> 138 | K28: =K27-K22 -> 22 | L28: =AVERAGE(L23:L26) -> 11.14 | M28: =M27-M22 -> 16
A29: Lulu Laditan-Twidale
A30: Scrimmage vs SCU | E30: Game vs Westmont | I30: Vanderbilt
A31: Warmup | B31: 136 | C31: 6 | D31: 4.09 | E31: Warmup | F31: 165 | G31: 4 | H31: 4.78 | I31: Warmup | J31: 120 | K31: 4 | L31: 5.04 | M31: 1
A32: Quarter 1 | B32: 138 | C32: 44 | D32: 10.79 | E32: Quarter 1 | F32: 130 | G32: 19 | H32: 11.46 | I32: Quarter 1 | J32: 150 | K32: 27 | L32: 9.22 | M32: 11
A33: Quarter 2 | B33: 163 | C33: 47 | D33: 9.8 | E33: Quarter 2 | F33: 107 | G33: 15 | H33: 10.08 | I33: Quarter 2 | J33: 105 | K33: 19 | L33: 10.63 | M33: 8
A34: Quarter 3 | B34: 164 | C34: 44 | D34: 8.22 | E34: Quarter 3 | F34: 140 | G34: 20 | H34: 9.6 | I34: Quarter 3 | J34: 162 | K34: 28 | L34: 9.77 | M34: 19
A35: Quarter 4 | B35: 136 | C35: 40 | D35: 8.68 | I35: Quarter 4 | J35: 98 | K35: 10 | L35: 8.31 | M35: 5
A36: Total | B36: 738 | C36: 181 | D36: 7.5 | E36: Total | F36: 543 | G36: 58 | H36: 7.63 | I36: Total | J36: 635 | K36: 88 | L36: 8.11 | M36: 44
A37: game total | B37: =B36-B31 -> 602 | C37: =C36-C31 -> 175 | D37: =AVERAGE(D32:D35) -> 9.3725 | E37: game total | F37: =F36-F31 -> 378 | G37: =G36-G31 -> 54 | H37: =AVERAGE(H32:H35) -> 10.38 | I37: game total | J37: =J36-J31 -> 515 | K37: =K36-K31 -> 84 | L37: =AVERAGE(L32:L35) -> 9.4825 | M37: =M36-M31 -> 43
A38: Naya Ojukwu
A39: Scrimmage vs SCU | E39: Game vs Westmont | I39: missing
A40: Warmup | B40: 122 | C40: 1 | D40: 3.66 | E40: Warmup | F40: 174 | G40: 0 | H40: 5.03
A41: Quarter 1 | B41: 62 | C41: 14 | D41: 10.04 | E41: Quarter 1 | F41: 16 | G41: 4 | H41: 12.54
A42: Quarter 3 | B42: 42 | C42: 4 | D42: 7.71 | E42: Quarter 2 | F42: 43 | G42: 6 | H42: 10.5
A43: Quarter 4 | B43: 45 | C43: 6 | D43: 9.66 | E43: Quarter 3 | F43: 18 | G43: 3 | H43: 7.95
E44: Quarter 4 | F44: 100 | G44: 11 | H44: 8.8
A45: Total | B45: 271 | C45: 25 | D45: 5.47 | E45: Total | F45: 350 | G45: 24 | H45: 6.55
A46: game total | B46: =B45-B40 -> 149 | C46: =C45-C40 -> 24 | D46: =AVERAGE(D41:D44) -> 9.1366667 | E46: game total | F46: =F45-F40 -> 176 | G46: =G45-G40 -> 24 | H46: =AVERAGE(H41:H44) -> 9.9475
A47: Sakima Walker
A48: Scrimmage vs SCU | E48: Game vs Westmont | I48: Vanderbilt
A49: Warmup | B49: 96 | C49: 0 | D49: 2.88 | E49: Warmup | F49: 167 | G49: 3 | H49: 4.83 | I49: Warmup | J49: 114 | K49: 0 | L49: 4.79 | M49: 11
A50: Quarter 1 | B50: 72 | C50: 8 | D50: 9.19 | E50: Quarter 1 | F50: 59 | G50: 8 | H50: 10.97 | I50: Quarter 1 | J50: 91 | K50: 11 | L50: 11.11 | M50: 6
A51: Quarter 2 | B51: 64 | C51: 6 | D51: 9.53 | E51: Quarter 2 | F51: 97 | G51: 17 | H51: 9.13 | I51: Quarter 2 | J51: 87 | K51: 12 | L51: 9.33 | M51: 12
A52: Quarter 3 | B52: 108 | C52: 10 | D52: 7.4 | E52: Quarter 3 | F52: 65 | G52: 12 | H52: 8.14 | I52: Quarter 3 | J52: 142 | K52: 22 | L52: 8.97 | M52: 13
A53: Quarter 4 | B53: 109 | C53: 8 | D53: 6.73 | E53: Quarter 4 | F53: 23 | G53: 2 | H53: 9.81 | I53: Quarter 4 | J53: 125 | K53: 12 | L53: 7.38 | M53: 8
A54: Total | B54: 449 | C54: 32 | D54: 5.71 | E54: Total | F54: 411 | G54: 42 | H54: 6.75 | I54: Total | J54: 559 | K54: 57 | L54: 7.54 | M54: 50
A55: game total | B55: =B54-B49 -> 353 | C55: =C54-C49 -> 32 | D55: =AVERAGE(D50:D53) -> 8.2125 | E55: game total | F55: =F54-F49 -> 244 | G55: =G54-G49 -> 39 | H55: =AVERAGE(H50:H53) -> 9.5125 | I55: game total | J55: =J54-J49 -> 445 | K55: =K54-K49 -> 57 | L55: =AVERAGE(L50:L53) -> 9.1975 | M55: =M54-M49 -> 39
A56: Taylor Barnes
A57: Scrimmage vs SCU | E57: Game vs Westmont | I57: Vanderbilt
A58: Warmup | B58: 136 | C58: 1 | D58: 4.08 | E58: Warmup | F58: 184 | G58: 2 | H58: 5.32 | I58: Warmup | J58: 136 | K58: 0 | L58: 5.69 | M58: 7
A59: Quarter 1 | B59: 105 | C59: 10 | D59: 9.31 | E59: Quarter 1 | F59: 57 | G59: 7 | H59: 10.53 | I59: Quarter 1 | J59: 116 | K59: 9 | L59: 9.64 | M59: 12
A60: Quarter 2 | B60: 153 | C60: 10 | D60: 9.18 | E60: Quarter 2 | F60: 88 | G60: 8 | H60: 9.92 | I60: Quarter 2 | J60: 118 | K60: 10 | L60: 10.07 | M60: 16
A61: Quarter 3 | B61: 150 | C61: 7 | D61: 7.71 | E61: Quarter 3 | F61: 112 | G61: 7 | H61: 9.3 | I61: Quarter 3 | J61: 154 | K61: 14 | L61: 9.24 | M61: 17
A62: Quarter 4 | B62: 121 | C62: 9 | D62: 8.3 | I62: Quarter 4 | J62: 140 | K62: 5 | L62: 8.2 | M62: 15
A63: Total | B63: 664 | C63: 37 | D63: 6.98 | E63: Total | F63: 440 | G63: 24 | H63: 7.24 | I63: Total | J63: 664 | K63: 38 | L63: 8.16 | M63: 67
A64: game total | B64: =B63-B58 -> 528 | C64: =C63-C58 -> 36 | D64: =AVERAGE(D59:D62) -> 8.625 | E64: game total | F64: =F63-F58 -> 256 | G64: =G63-G58 -> 22 | H64: =AVERAGE(H59:H62) -> 9.9166667 | I64: game total | J64: =J63-J58 -> 528 | K64: =K63-K58 -> 38 | L64: =AVERAGE(L59:L62) -> 9.2875 | M64: =M63-M58 -> 60
A65: Isis Johnson
A66: Scrimmage vs SCU | E66: Game vs Westmont | I66: NA
A67: Warmup | B67: 148 | C67: 4 | D67: 4.45 | E67: Warmup | F67: 191 | G67: 5 | H67: 5.53
A68: Quarter 2 | B68: 92 | C68: 29 | D68: 12.35 | E68: Quarter 2 | F68: 116 | G68: 40 | H68: 13.41
A69: Quarter 4 | B69: 75 | C69: 30 | D69: 13.75 | E69: Quarter 3 | F69: 63 | G69: 23 | H69: 12.71
E70: Quarter 4 | F70: 192 | G70: 48 | H70: 11.26
A71: Total | B71: 315 | C71: 63 | D71: 6.83 | E71: Total | F71: 562 | G71: 116 | H71: 8.62
A72: game total | B72: =B71-B67 -> 167 | C72: =C71-C67 -> 59 | D72: =AVERAGE(D68:D70) -> 13.05 | E72: game total | F72: =F71-F67 -> 371 | G72: =G71-G67 -> 111 | H72: =AVERAGE(H68:H70) -> 12.46
A73: Lola Donez
A74: Scrimmage vs SCU | E74: Game vs Westmont | I74: Vanderbilt
A75: injured | E75: Warmup | F75: 172 | G75: 3 | H75: 4.98 | I75: Warmup | J75: 128 | K75: 2 | L75: 5.37 | M75: 5
E76: Quarter 1 | F76: 87 | G76: 12 | H76: 11.94 | I76: Quarter 1 | J76: 76 | K76: 21 | L76: 9.5 | M76: 5
E77: Quarter 2 | F77: 90 | G77: 9 | H77: 10.62 | I77: Quarter 2 | J77: 98 | K77: 18 | L77: 10.94 | M77: 14
E78: Quarter 3 | F78: 76 | G78: 7 | H78: 9.84 | I78: Quarter 3 | J78: 37 | K78: 5 | L78: 10.96 | M78: 0
I79: Quarter 4 | J79: 41 | K79: 11 | L79: 10.48 | M79: 6
E80: Total | F80: 425 | G80: 31 | H80: 7.33 | I80: Total | J80: 379 | K80: 57 | L80: 7.9 | M80: 30
E81: game total | F81: =F80-F75 -> 253 | G81: =G80-G75 -> 28 | H81: =AVERAGE(H76:H78) -> 10.8 | I81: game total | J81: =J80-J75 -> 251 | K81: =K80-K75 -> 55 | L81: =AVERAGE(L76:L78) -> 10.466667 | M81: =M80-M75 -> 25
A82: Grace McCallop
A83: Scrimmage vs SCU | E83: Game vs Westmont | I83: Vanderbilt
A84: Warmup | B84: 141 | C84: 8 | D84: 4.25 | E84: Warmup | F84: 186 | G84: 5 | H84: 5.37 | I84: Warmup | J84: 151 | K84: 1 | L84: 6.32 | M84: 3
A85: Quarter 1 | B85: 39 | C85: 11 | D85: 11.94 | E85: Quarter 1 | F85: 18 | G85: 3 | H85: 13.47 | I85: Quarter 1 | J85: 6 | K85: 1 | L85: 5.71 | M85: 1
A86: Quarter 2 | B86: 164 | C86: 64 | D86: 11.97 | E86: Quarter 2 | F86: 83 | G86: 22 | H86: 12.35
A87: Quarter 3 | B87: 101 | C87: 30 | D87: 11.66 | E87: Quarter 3 | F87: 96 | G87: 21 | H87: 10.85
A88: Quarter 4 | B88: 109 | C88: 25 | D88: 10.41 | E88: Quarter 4 | F88: 167 | G88: 38 | H88: 9.78
A89: Total | B89: 555 | C89: 138 | D89: 8 | E89: Total | F89: 549 | G89: 89 | H89: 8.02 | I89: Total | J89: 156 | K89: 2 | L89: 6.3 | M89: 4
A90: game total | B90: =B89-B84 -> 414 | C90: =C89-C84 -> 130 | D90: =AVERAGE(D85:D88) -> 11.495 | E90: game total | F90: =F89-F84 -> 363 | G90: =G89-G84 -> 84 | H90: =AVERAGE(H85:H88) -> 11.6125 | I90: game total | J90: =J89-J84 -> 5 | K90: =K89-K84 -> 1 | L90: =AVERAGE(L85:L88) -> 5.71 | M90: =M89-M84 -> 1
A91: Anastasia Drosouni
A92: Scrimmage vs SCU | E92: Game vs Westmont | I92: NA
A93: Warmup | B93: 184 | C93: 13 | D93: 5.54 | E93: Warmup | F93: 222 | G93: 21 | H93: 6.41
A94: Quarter 1 | B94: 108 | C94: 47 | D94: 13.1 | E94: Quarter 1 | F94: 84 | G94: 21 | H94: 15.52
A95: Quarter 3 | B95: 72 | C95: 33 | D95: 12.46 | E95: Quarter 3 | F95: 64 | G95: 18 | H95: 13.36
A96: Quarter 4 | B96: 94 | C96: 26 | D96: 11.57 | E96: Quarter 4 | F96: 115 | G96: 35 | H96: 12.02
A97: Total | B97: 457 | C97: 119 | D97: 8.27 | E97: Total | F97: 485 | G97: 95 | H97: 8.92
A98: game total | B98: =B97-B93 -> 273 | C98: =C97-C93 -> 106 | D98: =AVERAGE(D94:D96) -> 12.376667 | E98: game total | F98: =F97-F93 -> 263 | G98: =G97-G93 -> 74 | H98: =AVERAGE(H94:H96) -> 13.633333
A99: Sofia Bowes
A100: Scrimmage vs SCU | E100: Game vs Westmont | I100: NA
...

Sheet warmup numbers
B1: Tot PL | C1: High IMA | D1: MII PL Interval 1 | E1: MII PL Interval 2 | F1: MII PL Interval 3
A2: Saint Mary's | I2: Average
A3: Anastasia Drosouni | B3: 197 | C3: 5 | D3: 15 | E3: 30 | F3: 49 | H3: st mary's | I3: {=_xludf.xlookup(I2,A:A,B:B)} -> #NAME?
A4: Gabrielle Abigor | B4: 193 | C4: 13 | D4: 14 | E4: 29 | F4: 45 | H4: idaho state | I4: {=_xludf.xlookup(I2,A15:A29,B15:B29)} -> #NAME?
A5: Kamryn Mafua | B5: 193 | C5: 7 | D5: 15 | E5: 29 | F5: 46 | H5: sjsu | I5: =B44 -> 204
A6: Kayla Williams | B6: 222 | C6: 4 | D6: 20 | E6: 39 | F6: 61 | H6: grambling | I6: =B59 -> 198
A7: Lola Donez | B7: 208 | C7: 10 | D7: 16 | E7: 31 | F7: 48 | H7: auburn | I7: =B73 -> 178
A8: Lulu Laditan-Twidale | B8: 187 | C8: 0 | D8: 14 | E8: 28 | F8: 46 | H8: michigan state | I8: 221
A9: Marta Suárez | B9: 179 | C9: 5 | D9: 15 | E9: 28 | F9: 46 | H9: arizona | I9: 175
A10: Michelle Onyiah | B10: 154 | C10: 11 | D10: 13 | E10: 22 | F10: 35 | H10: alabama | I10: 165
A11: Natalia Ackerman | B11: 150 | C11: 15 | D11: 14 | E11: 27 | F11: 42 | H11: pacific | I11: 164
A12: Sofia Bowes | B12: 206 | C12: 2 | D12: 16 | E12: 33 | F12: 53 | H12: stanford | I12: 194
A13: Zahra King | B13: 220 | C13: 7 | D13: 14 | E13: 31 | F13: 49 | H13: fordham | I13: 197
A14: Average | B14: 192 | C14: 7 | D14: 15 | E14: 30 | F14: 47 | H14: clemson | I14: 206
A15: Idaho State | H15: smu | I15: =AVERAGE(H1,I9:I14) -> 183.5
A16: Anastasia Drosouni | B16: 245 | C16: 5 | D16: 17 | E16: 36 | F16: 56 | H16: nc state | I16: 138
A17: Gabrielle Abigor | B17: 206 | C17: 26 | D17: 14 | E17: 31 | F17: 47 | H17: florida state | I17: 91
A18: Ioanna Krimili | B18: 187 | C18: 6 | D18: 16 | E18: 30 | F18: 46 | H18: duke | I18: 171
A19: Jayda Noble | B19: 169 | C19: 12 | D19: 11 | E19: 22 | F19: 37 | H19: wake forest | I19: 180
A20: Kamryn Mafua | B20: 191 | C20: 15 | D20: 13 | E20: 25 | F20: 39 | H20: unc | I20: 205
A21: Kayla Williams | B21: 229 | C21: 1 | D21: 20 | E21: 37 | F21: 57 | H21: louisville | I21: 201
A22: Lola Donez | B22: 206 | C22: 5 | D22: 16 | E22: 29 | F22: 43 | H22: notre dame | I22: 227
A23: Lulu Laditan-Twidale | B23: 192 | C23: 4 | D23: 13 | E23: 25 | F23: 41 | H23: boston college | I23: =AVERAGE(I9:I19,I22) -> 174.29167
A24: Marta Suárez | B24: 234 | C24: 9 | D24: 19 | E24: 37 | F24: 56 | H24: syracuse | I24: 214
A25: Michelle Onyiah | B25: 170 | C25: 9 | D25: 12 | E25: 22 | F25: 31 | H25: virginia | I25: 194
A26: Natalia Ackerman | B26: 172 | C26: 21 | D26: 13 | E26: 25 | F26: 38 | H26: virginia tech | I26: 185
A27: Sofia Bowes | B27: 212 | C27: 6 | D27: 16 | E27: 33 | F27: 50 | H27: georgia tech | I27: 173
A28: Zahra King | B28: 202 | C28: 7 | D28: 14 | E28: 29 | F28: 45 | H28: miami | I28: 189
A29: Average | B29: 201 | C29: 10 | D29: 15 | E29: 29 | F29: 45 | H29: virginia | I29: =AVERAGE(I17,I19,I20,I21,I22,I24:I28) -> 185.9
A30: SJSU | H30: notre dame | I30: 140
A31: Anastasia Drosouni | B31: 288 | C31: 4 | D31: 19 | E31: 31 | F31: 41
A32: Gabrielle Abigor | B32: 190 | C32: 19 | D32: 14 | E32: 25 | F32: 39 | H32: average warmup PL | I32: =AVERAGE(I3:I30) -> #NAME?
A33: Ioanna Krimili | B33: 174 | C33: 5 | D33: 17 | E33: 28 | F33: 36
A34: Jayda Noble | B34: 179 | C34: 13 | D34: 15 | E34: 26 | F34: 32
A35: Kamryn Mafua | B35: 205 | C35: 12 | D35: 13 | E35: 23 | F35: 35
A36: Kayla Williams | B36: 225 | C36: 2 | D36: 16 | E36: 31 | F36: 35
A37: Lola Donez | B37: 195 | C37: 6 | D37: 16 | E37: 27 | F37: 31
A38: Lulu Laditan-Twidale | B38: 185 | C38: 2 | D38: 15 | E38: 26 | F38: 30
A39: Marta Suárez | B39: 237 | C39: 12 | D39: 15 | E39: 26 | F39: 35
A40: Michelle Onyiah | B40: 174 | C40: 18 | D40: 14 | E40: 26 | F40: 30
A41: Natalia Ackerman | B41: 165 | C41: 10 | D41: 13 | E41: 23 | F41: 29
A42: Sofia Bowes | B42: 209 | C42: 2 | D42: 16 | E42: 28 | F42: 40
A43: Zahra King | B43: 229 | C43: 4 | D43: 14 | E43: 25 | F43: 37
A44: Average | B44: 204 | C44: 8 | D44: 15 | E44: 27 | F44: 34
A45: Grambling
A46: Gabrielle Abigor | B46: 214 | C46: 18 | D46: 13 | E46: 28 | F46: 43
A47: Gisella Maul | B47: 209 | C47: 3 | D47: 16 | E47: 32 | F47: 49
A48: Ioanna Krimili | B48: 174 | C48: 2 | D48: 13 | E48: 26 | F48: 41
A49: Jayda Noble | B49: 175 | C49: 13 | D49: 13 | E49: 23 | F49: 37
A50: Kamryn Mafua | B50: 216 | C50: 7 | D50: 12 | E50: 27 | F50: 37
A51: Kayla Williams | B51: 216 | C51: 3 | D51: 14 | E51: 30 | F51: 48
A52: Lola Donez | B52: 212 | C52: 6 | D52: 15 | E52: 29 | F52: 43
A53: Lulu Laditan-Twidale | B53: 218 | C53: 2 | D53: 12 | E53: 23 | F53: 37
A54: Marta Suárez | B54: 199 | C54: 8 | D54: 13 | E54: 28 | F54: 42
A55: Michelle Onyiah | B55: 180 | C55: 13 | D55: 13 | E55: 22 | F55: 31
A56: Natalia Ackerman | B56: 171 | C56: 26 | D56: 12 | E56: 24 | F56: 37
A57: Sofia Bowes | B57: 196 | C57: 1 | D57: 14 | E57: 30 | F57: 45
... A59: Average | B59: 198 | C59: 8 | D59: 13 | E59: 27 | F59: 41
A60: Auburn
A61: Gabrielle Abigor | B61: 187 | C61: 18 | D61: 15 | E61: 32 | F61: 46
A62: Ioanna Krimili | B62: 153 | C62: 3 | D62: 14 | E62: 31 | F62: 47
A63: Jayda Noble | B63: 188 | C63: 18 | D63: 16 | E63: 32 | F63: 50
A64: Kamryn Mafua | B64: 194 | C64: 3 | D64: 13 | E64: 28 | F64: 43
A65: Kayla Williams | B65: 182 | C65: 3 | D65: 17 | E65: 34 | F65: 52
A66: Lola Donez | B66: 184 | C66: 6 | D66: 14 | E66: 27 | F66: 44
A67: Lulu Laditan-Twidale | B67: 188 | C67: 1 | D67: 13 | E67: 28 | F67: 41
A68: Marta Suárez | B68: 181 | C68: 7 | D68: 14 | E68: 30 | F68: 46
A69: Michelle Onyiah | B69: 142 | C69: 12 | D69: 10 | E69: 19 | F69: 24
A70: Natalia Ackerman | B70: 151 | C70: 16 | D70: 12 | E70: 25 | F70: 38
A71: Sofia Bowes | B71: 186 | C71: 3 | D71: 15 | E71: 34 | F71: 51
A72: Zahra King | B72: 198 | C72: 4 | D72: 14 | E72: 32 | F72: 49
A73: Average | B73: 178 | C73: 8 | D73: 14 | E73: 29 | F73: 44
A74: Michigan State
A75: Anastasia Drosouni | B75: 261 | C75: 3 | D75: 17 | E75: 35 | F75: 58
A76: Gabrielle Abigor | B76: 217 | C76: 17 | D76: 14 | E76: 28 | F76: 43
A77: Gisella Maul | B77: 261 | C77: 9 | D77: 17 | E77: 35 | F77: 56
A78: Ioanna Krimili | B78: 212 | C78: 6 | D78: 14 | E78: 31 | F78: 49
A79: Kamryn Mafua | B79: 235 | C79: 11 | D79: 13 | E79: 30 | F79: 41
A80: Kayla Williams | B80: 224 | C80: 3 | D80: 18 | E80: 34 | F80: 55
A81: Lola Donez | B81: 209 | C81: 3 | D81: 16 | E81: 30 | F81: 44
A82: Lulu Laditan-Twidale | B82: 213 | C82: 5 | D82: 14 | E82: 26 | F82: 42
A83: Michelle Onyiah | B83: 184 | C83: 12 | D83: 16 | E83: 26 | F83: 35
A84: Natalia Ackerman | B84: 174 | C84: 12 | D84: 13 | E84: 26 | F84: 40
A85: Sofia Bowes | B85: 233 | C85: 2 | D85: 15 | E85: 32 | F85: 52
A86: Zahra King | B86: 229 | C86: 7 | D86: 13 | E86: 31 | F86: 49
A87: Average | B87: 221 | C87: 8 | D87: 15 | E87: 30 | F87: 47
A88: Arizona
A89: Anastasia Drosouni | B89: 192 | C89: 3 | D89: 14 | E89: 33 | F89: 47
A90: Gabrielle Abigor | B90: 195 | C90: 12 | D90: 13 | E90: 28 | F90: 42
A91: Gisella Maul | B91: 184 | C91: 4 | D91: 15 | E91: 33 | F91: 45
A92: Ioanna Krimili | B92: 154 | C92: 0 | D92: 12 | E92: 28 | F92: 40
A93: Kamryn Mafua | B93: 181 | C93: 7 | D93: 14 | E93: 30 | F93: 40
A94: Kayla Williams | B94: 189 | C94: 0 | D94: 17 | E94: 28 | F94: 42
A95: Lola Donez | B95: 170 | C95: 7 | D95: 13 | E95: 25 | F95: 36
A96: Lulu Laditan-Twidale | B96: 182 | C96: 2 | D96: 12 | E96: 24 | F96: 36
A97: Marta Suárez | B97: 187 | C97: 2 | D97: 17 | E97: 34 | F97: 47
A98: Michelle Onyiah | B98: 141 | C98: 10 | D98: 12 | E98: 18 | F98: 26
A99: Natalia Ackerman | B99: 141 | C99: 11 | D99: 11 | E99: 24 | F99: 36
A100: Sofia Bowes | B100: 184 | C100: 2 | D100: 13 | E100: 29 | F100: 43
... A102: Average | B102: 175 | C102: 5 | D102: 14 | E102: 28 | F102: 40
...

Sheet games
B1: total PL | C1: ionna | D1: michelle | E1: marta | F1: kayla | G1: lulu | H1: starters % of total | I1: score | J1: score difference (+/-) | K1: win/loss
A2: Saint Mary's | B2: 2861 | C2: {=_xludf.xlookup(A2,ionna!A2:A31,ionna!B2:B31)} -> #NAME? | D2: 462 | E2: {=_xludf.xlookup(A2,marta!A2:A30,marta!B2:B30)} -> #NAME? | F2: {=_xludf.xlookup(A2,kayla!A2:A32,kayla!B2:B32)} -> #NAME? | G2: {=_xludf.xlookup(A2,lulu!A2:A32,lulu!B2:B32)} -> #NAME? | H2: =SUM(C2:G2)/B2 -> #NAME? | I2: 90-58 | J2: =90-58 -> 32 | K2: =IF(J2<0,0,1) -> 1
A3: Idaho State | B3: 3536 | C3: 449 | D3: 228 | E3: {=_xludf.xlookup(A3,marta!A3:A31,marta!B3:B31)} -> #NAME? | F3: {=_xludf.xlookup(A3,kayla!A3:A33,kayla!B3:B33)} -> #NAME? | G3: {=_xludf.xlookup(A3,lulu!A3:A33,lulu!B3:B33)} -> #NAME? | H3: =SUM(C3:G3)/B3 -> #NAME? | I3: 88-36 | J3: =88-36 -> 52 | K3: =IF(J3<0,0,1) -> 1
A4: SJSU | B4: 3314 | C4: 532 | D4: 289 | E4: {=_xludf.xlookup(A4,marta!A4:A32,marta!B4:B32)} -> #NAME? | F4: {=_xludf.xlookup(A4,kayla!A4:A34,kayla!B4:B34)} -> #NAME? | G4: {=_xludf.xlookup(A4,lulu!A4:A34,lulu!B4:B34)} -> #NAME? | H4: =SUM(C4:G4)/B4 -> #NAME? | I4: 82-53 | J4: =82-53 -> 29 | K4: =IF(J4<0,0,1) -> 1
A5: Gonzaga | B5: 5704 | C5: 857 | D5: 332 | E5: {=_xludf.xlookup(A5,marta!A5:A33,marta!B5:B33)} -> #NAME? | F5: {=_xludf.xlookup(A5,kayla!A5:A35,kayla!B5:B34)} -> #NAME? | G5: {=_xludf.xlookup(A5,lulu!A5:A35,lulu!B5:B34)} -> #NAME? | H5: =SUM(C5:G5)/B5 -> #NAME? | I5: 86-65 | J5: =86-65 -> 21 | K5: =IF(J5<0,0,1) -> 1
A6: Grambling | B6: 3680 | C6: 490 | D6: 338 | E6: {=_xludf.xlookup(A6,marta!A6:A34,marta!B6:B33)} -> #NAME? | F6: {=_xludf.xlookup(A6,kayla!A6:A36,kayla!B6:B36)} -> #NAME? | G6: {=_xludf.xlookup(A6,lulu!A6:A36,lulu!B6:B36)} -> #NAME? | H6: =SUM(C6:G6)/B6 -> #NAME? | I6: 86-63 | J6: =86-63 -> 23 | K6: =IF(J6<0,0,1) -> 1
A7: Auburn | B7: 3809 | C7: 730 | D7: 431 | E7: {=_xludf.xlookup(A7,marta!A7:A35,marta!B7:B35)} -> #NAME? | F7: {=_xludf.xlookup(A7,kayla!A7:A37,kayla!B7:B37)} -> #NAME? | G7: {=_xludf.xlookup(A7,lulu!A7:A37,lulu!B7:B37)} -> #NAME? | H7: =SUM(C7:G7)/B7 -> #NAME? | I7: 63-59 | J7: =62-59 -> 3 | K7: =IF(J7<0,0,1) -> 1
A8: Michigan State | B8: 2754 | C8: 475 | D8: 395 | E8: {=_xludf.xlookup(A8,marta!A8:A36,marta!B8:B36)} -> #NAME? | F8: {=_xludf.xlookup(A8,kayla!A8:A38,kayla!B8:B38)} -> #NAME? | G8: {=_xludf.xlookup(A8,lulu!A8:A38,lulu!B8:B38)} -> #NAME? | H8: =SUM(C8:G8)/B8 -> #NAME? | I8: 72-78 | J8: =72-78 -> -6 | K8: =IF(J8<0,0,1) -> 0
A9: Arizona | B9: 3378 | C9: 502 | D9: 493 | E9: {=_xludf.xlookup(A9,marta!A9:A37,marta!B9:B37)} -> #NAME? | F9: {=_xludf.xlookup(A9,kayla!A9:A39,kayla!B9:B39)} -> #NAME? | G9: {=_xludf.xlookup(A9,lulu!A9:A39,lulu!B9:B39)} -> #NAME? | H9: =SUM(C9:G9)/B9 -> #NAME? | I9: 74-62 | J9: =74-62 -> 12 | K9: =IF(J9<0,0,1) -> 1
A10: Alabama | B10: 3740 | C10: 735 | D10: 385 | E10: {=_xludf.xlookup(A10,marta!A10:A38,marta!B10:B38)} -> #NAME? | F10: {=_xludf.xlookup(A10,kayla!A10:A40,kayla!B10:B40)} -> #NAME? | G10: {=_xludf.xlookup(A10,lulu!A10:A40,lulu!B10:B40)} -> #NAME? | H10: =SUM(C10:G10)/B10 -> #NAME? | I10: 69-65 | J10: =69-65 -> 4 | K10: =IF(J10<0,0,1) -> 1
A11: Pacific | B11: 3710 | C11: 597 | D11: 366 | E11: {=_xludf.xlookup(A11,marta!A11:A39,marta!B11:B39)} -> #NAME? | F11: {=_xludf.xlookup(A11,kayla!A11:A41,kayla!B11:B41)} -> #NAME? | G11: {=_xludf.xlookup(A11,lulu!A11:A41,lulu!B11:B41)} -> #NAME? | H11: =SUM(C11:G11)/B11 -> #NAME? | I11: 74-66 | J11: =74-66 -> 8 | K11: =IF(J11<0,0,1) -> 1
A12: Stanford | B12: 3829 | C12: 630 | D12: 438 | E12: {=_xludf.xlookup(A12,marta!A12:A40,marta!B12:B40)} -> #NAME? | F12: {=_xludf.xlookup(A12,kayla!A12:A42,kayla!B12:B42)} -> #NAME? | G12: {=_xludf.xlookup(A12,lulu!A12:A42,lulu!B12:B42)} -> #NAME? | H12: =SUM(C12:G12)/B12 -> #NAME? | I12: 83-63 | J12: =83-63 -> 20 | K12: =IF(J12<0,0,1) -> 1
A13: Fordham | B13: 3427 | C13: 580 | D13: 363 | E13: {=_xludf.xlookup(A13,marta!A13:A41,marta!B13:B41)} -> #NAME? | F13: {=_xludf.xlookup(A13,kayla!A13:A43,kayla!B13:B43)} -> #NAME? | G13: {=_xludf.xlookup(A13,lulu!A13:A43,lulu!B13:B43)} -> #NAME? | H13: =SUM(C13:G13)/B13 -> #NAME? | I13: 69-53 | J13: =69-53 -> 16 | K13: =IF(J13<0,0,1) -> 1
A14: Temple | B14: 5886 | C14: 742 | D14: 464 | E14: {=_xludf.xlookup(A14,marta!A2:A30,marta!B2:B30)} -> #NAME? | F14: {=_xludf.xlookup(A14,kayla!A14:A44,kayla!B14:B44)} -> #NAME? | G14: {=_xludf.xlookup(A14,lulu!A14:A44,lulu!B14:B44)} -> #NAME? | H14: =SUM(C14:G14)/B14 -> #NAME? | I14: 89-63 | J14: =89-63 -> 26 | K14: =IF(J14<0,0,1) -> 1
A15: Clemson | B15: 3379 | C15: 643 | D15: 398 | E15: {=_xludf.xlookup(A15,marta!A3:A31,marta!B3:B31)} -> #NAME? | F15: {=_xludf.xlookup(A15,kayla!A15:A45,kayla!B15:B45)} -> #NAME? | G15: {=_xludf.xlookup(A15,lulu!A15:A45,lulu!B15:B45)} -> #NAME? | H15: =SUM(C15:G15)/B15 -> #NAME? | I15: 58-69 | J15: =58-69 -> -11 | K15: =IF(J15<0,0,1) -> 0
A16: SMU | B16: 3347 | C16: 629 | D16: 226 | E16: {=_xludf.xlookup(A16,marta!A4:A32,marta!B4:B32)} -> #NAME? | F16: {=_xludf.xlookup(A16,kayla!A16:A46,kayla!B16:B46)} -> #NAME? | G16: {=_xludf.xlookup(A16,lulu!A16:A46,lulu!B16:B46)} -> #NAME? | H16: =SUM(C16:G16)/B16 -> #NAME? | I16: 81-66 | J16: =81-66 -> 15 | K16: =IF(J16<0,0,1) -> 1
A17: NC State | B17: 3924 | C17: 690 | D17: 427 | E17: {=_xludf.xlookup(A17,marta!A5:A33,marta!B5:B33)} -> #NAME? | F17: {=_xludf.xlookup(A17,kayla!A17:A47,kayla!B17:B47)} -> #NAME? | G17: {=_xludf.xlookup(A17,lulu!A17:A47,lulu!B17:B47)} -> #NAME? | H17: =SUM(C17:G17)/B17 -> #NAME? | I17: 78-71 | J17: =78-71 -> 7 | K17: =IF(J17<0,0,1) -> 1
A18: Florida State | B18: 4648 | C18: 754 | D18: 370 | E18: {=_xludf.xlookup(A18,marta!A6:A34,marta!B6:B33)} -> #NAME? | F18: {=_xludf.xlookup(A18,kayla!A18:A48,kayla!B18:B48)} -> #NAME? | G18: {=_xludf.xlookup(A18,lulu!A18:A48,lulu!B18:B48)} -> #NAME? | H18: =SUM(C18:G18)/B18 -> #NAME? | I18: 82-70 | J18: =82-70 -> 12 | K18: =IF(J18<0,0,1) -> 1
A19: Duke | B19: 3530 | C19: 589 | D19: 288 | E19: {=_xludf.xlookup(A19,marta!A7:A35,marta!B7:B35)} -> #NAME? | F19: {=_xludf.xlookup(A19,kayla!A19:A49,kayla!B19:B49)} -> #NAME? | G19: {=_xludf.xlookup(A19,lulu!A19:A49,lulu!B19:B49)} -> #NAME? | H19: =SUM(C19:G19)/B19 -> #NAME? | I19: 38-72 | J19: =38-72 -> -34 | K19: =IF(J19<0,0,1) -> 0
A20: Wake Forest | B20: 3215 | C20: 789 | D20: 378 | E20: {=_xludf.xlookup(A20,marta!A8:A36,marta!B8:B36)} -> #NAME? | F20: {=_xludf.xlookup(A20,kayla!A20:A50,kayla!B20:B50)} -> #NAME? | G20: {=_xludf.xlookup(A20,lulu!A20:A50,lulu!B20:B50)} -> #NAME? | H20: =SUM(C20:G20)/B20 -> #NAME? | I20: 67-55 | J20: =67-55 -> 12 | K20: =IF(J20<0,0,1) -> 1
A21: Stanford | B21: 4242 | C21: 771 | D21: 396 | E21: {=_xludf.xlookup(A21,marta!A9:A37,marta!B9:B37)} -> #NAME? | F21: {=_xludf.xlookup(A21,kayla!A21:A51,kayla!B21:B51)} -> #NAME? | G21: {=_xludf.xlookup(A21,lulu!A21:A51,lulu!B21:B51)} -> #NAME? | H21: =SUM(C21:G21)/B21 -> #NAME? | I21: 75-72 | J21: =75-72 -> 3 | K21: =IF(J21<0,0,1) -> 1
A22: UNC | B22: 3283 | C22: 664 | D22: 313 | E22: {=_xludf.xlookup(A22,marta!A10:A38,marta!B10:B38)} -> #NAME? | F22: {=_xludf.xlookup(A22,kayla!A22:A52,kayla!B22:B52)} -> #NAME? | G22: {=_xludf.xlookup(A22,lulu!A22:A52,lulu!B22:B52)} -> #NAME? | H22: =SUM(C22:G22)/B22 -> #NAME? | I22: 52-65 | J22: =52-65 -> -13 | K22: =IF(J22<0,0,1) -> 0
A23: Louisville | B23: 3467 | C23: 729 | D23: 534 | E23: {=_xludf.xlookup(A23,marta!A11:A39,marta!B11:B39)} -> #NAME? | F23: {=_xludf.xlookup(A23,kayla!A23:A53,kayla!B23:B53)} -> #NAME? | G23: {=_xludf.xlookup(A23,lulu!A23:A53,lulu!B23:B53)} -> #NAME? | H23: =SUM(C23:G23)/B23 -> #NAME? | I23: 63-70 | J23: =63-70 -> -7 | K23: =IF(J23<0,0,1) -> 0
A24: Notre Dame | B24: 3685 | C24: 601 | D24: 404 | E24: {=_xludf.xlookup(A24,marta!A12:A40,marta!B12:B40)} -> #NAME? | F24: {=_xludf.xlookup(A24,kayla!A24:A54,kayla!B24:B54)} -> #NAME? | G24: {=_xludf.xlookup(A24,lulu!A24:A54,lulu!B24:B54)} -> #NAME? | H24: =SUM(C24:G24)/B24 -> #NAME? | I24: 52-91 | J24: =52-91 -> -39 | K24: =IF(J24<0,0,1) -> 0
A25: Boston College | B25: 4386 | C25: 579 | D25: 518 | E25: {=_xludf.xlookup(A25,marta!A13:A41,marta!B13:B41)} -> #NAME? | F25: {=_xludf.xlookup(A25,kayla!A25:A55,kayla!B25:B55)} -> #NAME? | G25: {=_xludf.xlookup(A25,lulu!A25:A55,lulu!B25:B55)} -> #NAME? | H25: =SUM(C25:G25)/B25 -> #NAME? | I25: 72-63 | J25: =72-63 -> 9 | K25: =IF(J25<0,0,1) -> 1
A26: Syracuse | B26: 4189 | C26: 942 | D26: 377 | E26: {=_xludf.xlookup(A26,marta!A14:A42,marta!B14:B42)} -> #NAME? | F26: {=_xludf.xlookup(A26,kayla!A26:A56,kayla!B26:B56)} -> #NAME? | G26: {=_xludf.xlookup(A26,lulu!A26:A56,lulu!B26:B56)} -> #NAME? | H26: =SUM(C26:G26)/B26 -> #NAME? | I26: 75-69 | J26: =75-69 -> 6 | K26: =IF(J26<0,0,1) -> 1
A27: Virginia | B27: 3013 | C27: 714 | D27: 382 | E27: {=_xludf.xlookup(A27,marta!A15:A43,marta!B15:B43)} -> #NAME? | F27: {=_xludf.xlookup(A27,kayla!A27:A57,kayla!B27:B57)} -> #NAME? | G27: {=_xludf.xlookup(A27,lulu!A27:A57,lulu!B27:B57)} -> #NAME? | H27: =SUM(C27:G27)/B27 -> #NAME? | I27: 76-70 | J27: =76-70 -> 6 | K27: =IF(J27<0,0,1) -> 1
A28: Virginia Tech | B28: 3582 | C28: 753 | D28: 228 | E28: {=_xludf.xlookup(A28,marta!A16:A44,marta!B16:B44)} -> #NAME? | F28: {=_xludf.xlookup(A28,kayla!A28:A58,kayla!B28:B58)} -> #NAME? | G28: {=_xludf.xlookup(A28,lulu!A28:A58,lulu!B28:B58)} -> #NAME? | H28: =SUM(C28:G28)/B28 -> #NAME? | I28: 84-87 | J28: =84-87 -> -3 | K28: =IF(J28<0,0,1) -> 0
A29: Georgia Tech | B29: 3139 | C29: 621 | D29: 484 | E29: {=_xludf.xlookup(A29,marta!A17:A45,marta!B17:B45)} -> #NAME? | F29: {=_xludf.xlookup(A29,kayla!A29:A59,kayla!B29:B59)} -> #NAME? | G29: {=_xludf.xlookup(A29,lulu!A29:A59,lulu!B29:B59)} -> #NAME? | H29: =SUM(C29:G29)/B29 -> #NAME? | I29: 79-65 | J29: =79-65 -> 14 | K29: =IF(J29<0,0,1) -> 1
A30: Miami | B30: 3244 | C30: 583 | D30: 425 | E30: {=_xludf.xlookup(A30,marta!A18:A46,marta!B18:B46)} -> #NAME? | F30: {=_xludf.xlookup(A30,kayla!A30:A60,kayla!B30:B60)} -> #NAME? | G30: {=_xludf.xlookup(A30,lulu!A30:A60,lulu!B30:B60)} -> #NAME? | H30: =SUM(C30:G30)/B30 -> #NAME? | I30: 82-63 | J30: =82-63 -> 19 | K30: =IF(J30<0,0,1) -> 1
A31: Virginia | B31: 3125 | C31: 657 | D31: 471 | E31: {=_xludf.xlookup(A31,marta!A19:A47,marta!B19:B47)} -> #NAME? | F31: {=_xludf.xlookup(A31,kayla!A31:A61,kayla!B31:B61)} -> #NAME? | G31: {=_xludf.xlookup(A31,lulu!A31:A61,lulu!B31:B61)} -> #NAME? | H31: =SUM(C31:G31)/B31 -> #NAME? | I31: 75-58 | J31: =75-58 -> 17 | K31: =IF(J31<0,0,1) -> 1
A32: Notre Dame | B32: 3460 | C32: 772 | D32: 468 | E32: {=_xludf.xlookup(A32,marta!A20:A48,marta!B20:B48)} -> #NAME? | F32: {=_xludf.xlookup(A32,kayla!A32:A62,kayla!B32:B62)} -> #NAME? | G32: {=_xludf.xlookup(A32,lulu!A32:A62,lulu!B32:B62)} -> #NAME? | H32: =SUM(C32:G32)/B32 -> #NAME? | I32: 64-73 | J32: =64-73 -> -9 | K32: =IF(J32<0,0,1) -> 0
A34: Average Game PL | B34: 3693

Sheet ionna
B1: Total PL | C1: High IMA | D1: MII 1 | E1: MII 2 | F1: MII 3 | G1: PL 3+ | J1: points | K1: minutes
A2: Idaho State | B2: 449 | C2: 41 | D2: 21 | E2: 43 | F2: 64 | G2: 92 | H2: 45603 | I2: Idaho St. | J2: 18 | K2: 23 | P2: 2 | Q2: 0 | R2: 0 | S2: 1 | T2: 1
A3: SJSU | B3: 532 | C3: 44 | D3: 18 | E3: 42 | F3: 58 | G3: 79 | H3: 45605 | I3: San Jose St. | J3: 18 | K3: 26 | P3: 4 | Q3: 0 | R3: 3 | S3: 0 | T3: 1
A4: Gonzaga | B4: 857 | C4: 46 | D4: 22 | E4: 48 | F4: 68 | G4: 127 | H4: 45610 | I4: Gonzaga | J4: 17 | K4: 36 | P4: 2 | Q4: 0 | R4: 2 | S4: 1 | T4: 0
A5: Grambling | B5: 490 | C5: 48 | D5: 21 | E5: 47 | F5: 67 | G5: 79 | H5: 45616 | I5: Grambling | J5: 15 | K5: 25 | P5: 1 | Q5: 0 | R5: 4 | S5: 0 | T5: 1
A6: Auburn | B6: 730 | C6: 74 | D6: 24 | E6: 44 | F6: 67 | G6: 122 | H6: 45618 | I6: Auburn | J6: 14 | K6: 37 | P6: 6 | Q6: 0 | R6: 1 | S6: 1 | T6: 1
A7: Michigan State | B7: 475 | C7: 48 | D7: 21 | E7: 45 | F7: 69 | G7: 85 | H7: 45622 | I7: Michigan St. | J7: 15 | K7: 33 | P7: 6 | Q7: 1 | R7: 2 | S7: 3 | T7: 1
A8: Arizona | B8: 502 | C8: 44 | D8: 19 | E8: 45 | F8: 58 | G8: 71 | H8: 45623 | I8: Arizona | J8: 7 | K8: 28 | P8: 5 | Q8: 0 | R8: 0 | S8: 3 | T8: 4
A9: Alabama | B9: 735 | C9: 68 | D9: 21 | E9: 47 | F9: 67 | G9: 116 | H9: 45631 | I9: Alabama | J9: 19 | K9: 37 | P9: 6 | Q9: 0 | R9: 0 | S9: 3 | T9: 3
A10: Pacific | B10: 597 | C10: 51 | D10: 21 | E10: 48 | F10: 71 | G10: 96 | H10: 45633 | I10: Pacific | J10: 22 | K10: 31 | P10: 3 | Q10: 0 | R10: 1 | S10: 3 | T10: 1
A11: Stanford | B11: 630 | C11: 56 | D11: 22 | E11: 47 | F11: 76 | G11: 122 | H11: 45639 | I11: Stanford | J11: 20 | K11: 33 | P11: 3 | Q11: 0 | R11: 2 | S11: 5 | T11: 3
A12: Fordham | B12: 580 | C12: 61 | D12: 23 | E12: 45 | F12: 68 | G12: 95 | H12: 45647 | I12: Fordham | J12: 19 | K12: 30 | P12: 2 | Q12: 0 | R12: 0 | S12: 1 | T12: 1
A13: Temple | B13: 742 | C13: 66 | D13: 19 | E13: 48 | F13: 71 | G13: 112 | H13: 45648 | I13: Temple | J13: 20 | K13: 29 | P13: 3 | Q13: 0 | R13: 1 | S13: 2 | T13: 1
... A23: Notre Dame | B23: 601 | C23: 57 | D23: 20 | E23: 46 | F23: 75 | G23: 109 | H23: 45697 | I23: Notre Dame | J23: 7 | K23: 35 | P23: 4 | Q23: 0 | R23: 1 | S23: 2 | T23: 2
A24: Boston College | B24: 579 | C24: =AVERAGE(C2:C23,C25:C31) -> 60.034483 | D24: 19 | E24: 43 | F24: 63 | G24: 54 | H24: 45701 | I24: Boston College | J24: 12 | K24: 29 | P24: 4 | Q24: 1 | R24: 1 | S24: 1 | T24: 2
A25: Syracuse | B25: 942 | C25: 98 | D25: 21 | E25: 47 | F25: 71 | G25: 162 | H25: 45704 | I25: Syracuse | J25: 6 | K25: 40 | P25: 3 | Q25: 0 | R25: 2 | S25: 6 | T25: 2
A26: Virginia | B26: 714 | C26: 61 | D26: 20 | E26: 44 | F26: 70 | G26: 108 | H26: 45708 | I26: Virginia | J26: 18 | K26: 40 | P26: 1 | Q26: 0 | R26: 4 | S26: 1 | T26: 2
A27: Virginia Tech | B27: 753 | C27: 77 | D27: 19 | E27: 43 | F27: 64 | G27: 115 | H27: 45711 | I27: Virginia Tech | J27: 19 | K27: 40 | P27: 2 | Q27: 0 | R27: 2 | S27: 5 | T27: 3
A28: Georgia Tech | B28: 621 | C28: 47 | D28: 20 | E28: 42 | F28: 65 | G28: 69 | H28: 45715 | I28: Georgia Tech | J28: 15 | K28: 38 | P28: 2 | Q28: 0 | R28: 2 | S28: 1 | T28: 3
A29: Miami | B29: 583 | C29: 44 | D29: 19 | E29: 44 | F29: 69 | G29: 90 | H29: 45718 | I29: Miami (FL) | J29: 10 | K29: 34 | P29: 4 | Q29: 0 | R29: 1 | S29: 1 | T29: 1
A30: Virginia | B30: 657 | C30: 43 | D30: 23 | E30: 53 | F30: 79 | G30: 96 | H30: 45722 | I30: Virginia | J30: 9 | K30: 36 | P30: 4 | Q30: 0 | R30: 0 | S30: 0 | T30: 1
A31: Notre Dame | B31: 772 | C31: 75 | D31: 21 | E31: 49 | F31: 78 | G31: 166 | H31: 45723 | I31: Notre Dame | J31: 7 | K31: 40 | P31: 3 | Q31: 0 | R31: 1 | S31: 1 | T31: 2
P32: 3 | Q32: 0 | R32: 0 | S32: 0 | T32: 2
A33: totals | B33: =SUM(B2:B31) -> 19799 | C33: =SUM(C2:C31) -> 1801.0345 | D33: =SUM(D2:D31) -> 617 | E33: =SUM(E2:E31) -> 1375 | F33: =SUM(F2:F31) -> 2053 | G33: =SUM(G2:G31) -> 3223 | I33: =COUNTA(I2:I31) -> 30 | K33: =SUM(K2:K31) -> 1028 | P33: 4 | Q33: 1 | R33: 0 | S33: 1 | T33: 1
P34: 4 | Q34: 0 | R34: 1 | S34: 4 | T34: 1
A35: average player load/game | B35: =B33/$I$33 -> 659.96667 | C35: =C33/$I$33 -> 60.034483 | D35: =D33/$I$33 -> 20.566667 | E35: =E33/$I$33 -> 45.833333 | F35: =F33/$I$33 -> 68.433333 | G35: =G33/$I$33 -> 107.43333 | I35: avg min/game | J35: =K33/I33 -> 34.266667 | P35: 0 | Q35: 0 | R35: 0 | S35: 2 | T35: 4
A36: average player load/min | B36: =B33/$K$33 -> 19.259728 | C36: =C33/$K$33 -> 1.7519791 | D36: =D33/$K$33 -> 0.60019455 | E36: =E33/$K$33 -> 1.3375486 | F36: =F33/$K$33 -> 1.9970817 | G36: =G33/$K$33 -> 3.135214
A37: max | B37: =MAX(B2:B31) -> 942 | C37: =MAX(C2:C31) -> 98 | D37: =MAX(D2:D31) -> 24 | E37: =MAX(E2:E31) -> 53 | F37: =MAX(F2:F31) -> 79 | G37: =MAX(G2:G31) -> 166
A38: std | B38: =STDEV(B2:B31) -> 115.55279 | C38: =STDEV(C2:C31) -> 16.67433 | D38: =STDEV(D2:D31) -> 1.4546793 | E38: =STDEV(E2:E31) -> 2.5741866 | F38: =STDEV(F2:F31) -> 5.0012642 | G38: =STDEV(G2:G31) -> 27.17083

Sheet michelle
B1: Total PL | C1: High IMA | D1: MII 1 | E1: MII 2 | F1: MII 3 | G1: PL 3+ | J1: points | K1: minutes
A2: Saint Mary's | B2: 462 | C2: 62 | D2: 17 | E2: 34 | F2: 53 | G2: 68 | H2: 45600 | I2: Saint Mary's (CA) | J2: 11 | K2: 29
A3: Idaho State | B3: 228 | C3: 30 | D3: 18 | E3: 40 | F3: 56 | G3: 45 | H3: 45603 | I3: Idaho St. | J3: 10 | K3: 15
A4: SJSU | B4: 289 | C4: 49 | D4: 18 | E4: 45 | F4: 60 | G4: 68 | H4: 45605 | I4: San Jose St. | J4: 8 | K4: 16
A5: Gonzaga | B5: 332 | C5: 31 | D5: 17 | E5: 36 | F5: 41 | G5: 33 | H5: 45610 | I5: Gonzaga | J5: 8 | K5: 11
A6: Grambling | B6: 338 | C6: 36 | D6: 18 | E6: 44 | F6: 50 | G6: 79 | H6: 45616 | I6: Grambling | J6: 4 | K6: 16
A7: Auburn | B7: 431 | C7: 55 | D7: 19 | E7: 37 | F7: 53 | G7: 79 | H7: 45618 | I7: Auburn | J7: 11 | K7: 24
A8: Michigan State | B8: 395 | C8: 52 | D8: 21 | E8: 41 | F8: 55 | G8: 73 | H8: 45622 | I8: Michigan St. | J8: 13 | K8: 22
A9: Arizona | B9: 493 | C9: 68 | D9: 18 | E9: 36 | F9: 51 | G9: 72 | H9: 45623 | I9: Arizona | J9: 25 | K9: 32
A10: Alabama | B10: 385 | C10: 47 | D10: 18 | E10: 45 | F10: 64 | G10: 62 | H10: 45631 | I10: Alabama | J10: 5 | K10: 22
A11: Pacific | B11: 366 | C11: 46 | D11: 20 | E11: 41 | F11: 54 | G11: 62 | H11: 45633 | I11: Pacific | J11: 15 | K11: 22
A12: Stanford | B12: 438 | C12: 53 | D12: 18 | E12: 40 | F12: 64 | G12: 88 | H12: 45639 | I12: Stanford | J12: 4 | K12: 26
A13: Fordham | B13: 363 | C13: 45 | D13: 17 | E13: 37 | F13: 55 | G13: 67 | H13: 45647 | I13: Fordham | J13: 15 | K13: 22
... A32: Notre Dame | B32: 468 | C32: 65 | D32: 19 | E32: 45 | F32: 70 | G32: 70 | H32: 45723 | I32: Notre Dame | J32: 13 | K32: 27
A34: totals | B34: =SUM(B3:B32) -> 11609 | C34: =SUM(C3:C32) -> 1466 | D34: =SUM(D3:D32) -> 557 | E34: =SUM(E3:E32) -> 1231 | F34: =SUM(F3:F32) -> 1723 | G34: =SUM(G3:G32) -> 1957 | I34: =COUNTA(I3:I32) -> 30 | K34: =SUM(K3:K32) -> 662
A36: average player load/game | B36: =B34/$I$34 -> 386.96667 | C36: =C34/$I$34 -> 48.866667 | D36: =D34/$I$34 -> 18.566667 | E36: =E34/$I$34 -> 41.033333 | F36: =F34/$I$34 -> 57.433333 | G36: =G34/$I$34 -> 65.233333 | I36: avg min/game | J36: =K34/I34 -> 22.066667
A37: average player load/minute | B37: =B34/$K$34 -> 17.536254 | C37: =C34/$K$34 -> 2.2145015 | D37: =D34/$K$34 -> 0.84138973 | E37: =E34/$K$34 -> 1.8595166 | F37: =F34/$K$34 -> 2.602719 | G37: =G34/$K$34 -> 2.9561934
A38: max | B38: =MAX(B2:B32) -> 534 | C38: =MAX(C2:C32) -> 74 | D38: =MAX(D2:D32) -> 22 | E38: =MAX(E2:E32) -> 49 | F38: =MAX(F2:F32) -> 70 | G38: =MAX(G2:G32) -> 95
A39: std | B39: =STDEV(B2:B32) -> 81.823256 | C39: =STDEV(C2:C32) -> 12.538457 | D39: =STDEV(D2:D32) -> 1.4345956 | E39: =STDEV(E2:E32) -> 4.0118105 | F39: =STDEV(F2:F32) -> 6.1492197 | G39: =STDEV(G2:G32) -> 16.302121

Sheet jayda
B1: Total PL | C1: High IMA | D1: MII 1 | E1: MII 2 | F1: MII 3 | G1: PL 3+ | J1: points | K1: minutes
A2: Idaho State | B2: 276 | C2: 32 | D2: 17 | E2: 40 | F2: 54 | G2: 41 | H2: 45603 | I2: Idaho St. | J2: 2 | K2: 13 | O2: 6 | S2: 0 | T2: 0
A3: SJSU | B3: 281 | C3: 41 | D3: 17 | E3: 35 | F3: 50 | G3: 32 | H3: 45605 | I3: San Jose St. | J3: 3 | K3: 15 | O3: 1 | S3: 0 | T3: 1
A4: Gonzaga | B4: 488 | C4: 63 | D4: 18 | E4: 44 | F4: 45 | G4: 56 | H4: 45610 | I4: Gonzaga | J4: 2 | K4: 20 | O4: 1 | S4: 1 | T4: 0
A5: Grambling | B5: 215 | C5: 37 | D5: 18 | E5: 36 | F5: 51 | G5: 51 | H5: 45616 | I5: Grambling | J5: 0 | K5: 13 | O5: 6 | S5: 0 | T5: 2
A6: Auburn | B6: 355 | C6: 62 | D6: 18 | E6: 42 | F6: 57 | G6: 93 | H6: 45618 | I6: Auburn | J6: 0 | K6: 15 | O6: 2 | S6: 3 | T6: 3
A7: Alabama | B7: 213 | C7: 37 | D7: 21 | E7: 39 | F7: 55 | G7: 50 | H7: 45631 | I7: Alabama | J7: 0 | K7: 9 | O7: 0 | S7: 2 | T7: 3
A8: Pacific | B8: 309 | C8: 35 | D8: 18 | E8: 45 | F8: 61 | G8: 62 | H8: 45633 | I8: Pacific | J8: 2 | K8: 16 | O8: 3 | S8: 0 | T8: 2
A9: Stanford | B9: 334 | C9: 31 | D9: 19 | E9: 40 | F9: 61 | G9: 57 | H9: 45639 | I9: Stanford | J9: 3 | K9: 18 | O9: 6 | S9: 0 | T9: 2
A10: Fordham | B10: 473 | C10: 66 | D10: 19 | E10: 38 | F10: 55 | G10: 69 | H10: 45647 | I10: Fordham | J10: 3 | K10: 28 | O10: 6 | S10: 0 | T10: 1
A11: Temple | B11: 534 | C11: 66 | D11: 19 | E11: 45 | F11: 64 | G11: 54 | H11: 45648 | I11: Temple | J11: 1 | K11: 23 | O11: 5 | S11: 1 | T11: 1
A12: Clemson | B12: 158 | C12: 18 | D12: 17 | E12: 35 | F12: n/a | G12: 35 | H12: 45659 | I12: Clemson | J12: 0 | K12: 9 | O12: 1 | S12: 4 | T12: 2
A13: SMU | B13: 398 | C13: 46 | D13: 18 | E13: 40 | F13: 55 | G13: 62 | H13: 45662 | I13: SMU | J13: 4 | K13: 24 | O13: 9 | S13: 1 | T13: 1
A14: NC State | B14: 428 | C14: 56 | D14: 19 | E14: 46 | F14: 59 | G14: 71 | H14: 45666 | I14: NC State | J14: 1 | K14: 23 | O14: 6 | S14: 1 | T14: 1
A15: Florida State | B15: 309 | C15: 30 | D15: 19 | E15: 42 | F15: 59 | G15: 42 | H15: 45669 | I15: Florida St. | J15: 0 | K15: 14 | O15: 3 | S15: 1 | T15: 1
A16: Duke | B16: 119 | C16: 15 | D16: 17 | E16: 35 | F16: 39 | G16: 19 | H16: 45673 | I16: Duke | J16: 0 | K16: 12 | O16: 1 | S16: 1 | T16: 2
A17: Wake Forest | B17: 212 | C17: 26 | D17: 19 | E17: 39 | F17: 61 | G17: 49 | H17: 45676 | I17: Wake Forest | J17: 0 | K17: 10 | O17: 2 | S17: 1 | T17: 1
A18: Game | B18: 354 | C18: 37 | D18: 17 | E18: 35 | F18: 48 | G18: 35 | H18: 45680 | I18: Stanford | J18: 1 | K18: 18 | O18: 5 | S18: 2 | T18: 1
A19: UNC | B19: 196 | C19: 32 | D19: 17 | E19: 38 | F19: 63 | G19: 30 | H19: 45687 | I19: North Carolina | J19: 2 | K19: 11 | O19: 2 | S19: 2 | T19: 2
A20: Louisville | B20: 285 | C20: 34 | D20: 21 | E20: 40 | F20: 65 | G20: 67 | H20: 45694 | I20: Louisville | J20: 0 | K20: 15 | O20: 2 | S20: 0 | T20: 4
A21: Notre Dame | B21: 292 | C21: 34 | D21: 22 | E21: 45 | F21: 72 | G21: 75 | H21: 45697 | I21: Notre Dame | J21: 3 | K21: 14 | O21: 3 | S21: 1 | T21: 4
A22: Boston College | B22: 311 | C22: 37 | D22: 17 | E22: 44 | F22: 25 | G22: 49 | H22: 45701 | I22: Boston College | J22: 6 | K22: 11 | O22: 3 | S22: 0 | T22: 0
A23: Syracuse | B23: 340 | C23: 34 | D23: 18 | E23: 39 | F23: 60 | G23: 74 | H23: 45704 | I23: Syracuse | J23: 4 | K23: 14 | O23: 1 | S23: 0 | T23: 0
A24: Virginia Tech | B24: 430 | C24: 46 | D24: 18 | E24: 41 | F24: 64 | G24: 63 | H24: 45711 | I24: Virginia Tech | J24: 5 | K24: 24 | O24: 1 | S24: 1 | T24: 0
... A27: Virginia | B27: 521 | C27: 61 | D27: 20 | E27: 43 | F27: 59 | G27: 129 | H27: 45722 | I27: Virginia | J27: 4 | K27: 27 | O27: 5 | S27: 0 | T27: 1
S28: 0 | T28: 1
A29: totals | B29: =SUM(B2:B27) -> 8454 | C29: =SUM(C2:C27) -> 1040 | D29: =SUM(D2:D27) -> 478 | E29: =SUM(E2:E27) -> 1048 | F29: =SUM(F2:F27) -> 1399 | G29: =SUM(G2:G27) -> 1469 | I29: =COUNTA(I2:I27) -> 26 | K29: =SUM(K2:K27) -> 432 | S29: 2 | T29: 1
A30: average PL/game | B30: =B29/$I$29 -> 325.15385 | C30: =C29/$I$29 -> 40 | D30: =D29/$I$29 -> 18.384615 | E30: =E29/$I$29 -> 40.307692 | F30: =F29/$I$29 -> 53.807692 | G30: =G29/$I$29 -> 56.5 | S30: 2 | T30: 2
A31: average PL/min | B31: =B29/$K$29 -> 19.569444 | C31: =C29/$K$29 -> 2.4074074 | D31: =D29/$K$29 -> 1.1064815 | E31: =E29/$K$29 -> 2.4259259 | F31: =F29/$K$29 -> 3.2384259 | G31: =G29/$K$29 -> 3.400463 | I31: avg min/game | J31: =K29/I29 -> 16.615385 | S31: 1 | T31: 3
A32: max | B32: =MAX(B2:B27) -> 534 | C32: =MAX(C2:C27) -> 66 | D32: =MAX(D2:D27) -> 22 | E32: =MAX(E2:E27) -> 46 | F32: =MAX(F2:F27) -> 72 | G32: =MAX(G2:G27) -> 129 | S32: 1 | T32: 3
A33: std | B33: =STDEV(B2:B27) -> 108.18528 | C33: =STDEV(C2:C27) -> 14.218298 | D33: =STDEV(D2:D27) -> 1.3878594 | E33: =STDEV(E2:E27) -> 3.3913918 | F33: =STDEV(F2:F27) -> 9.4889409 | G33: =STDEV(G2:G27) -> 22.045861

Sheet marta
B1: Total PL | C1: High IMA | D1: MII 1 | E1: MII 2 | F1: MII 3 | G1: PL 3+ | J1: points | K1: minutes
A2: Saint Mary's | B2: 397 | C2: 19 | D2: 16 | E2: 37 | F2: 58 | G2: 19 | H2: 45600 | I2: Saint Mary's (CA) | J2: 17 | K2: 26
A3: Idaho State | B3: 279 | C3: 18 | D3: 18 | E3: 37 | F3: 57 | G3: 30 | H3: 45603 | I3: Idaho St. | J3: 6 | K3: 18
A4: SJSU | B4: 265 | C4: 27 | D4: 18 | E4: 43 | F4: 57 | G4: 38 | H4: 45605 | I4: San Jose St. | J4: 10 | K4: 21
A5: Gonzaga | B5: 698 | C5: 56 | D5: 18 | E5: 42 | F5: 61 | G5: 55 | H5: 45610 | I5: Gonzaga | J5: 14 | K5: 35
A6: Grambling | B6: 359 | C6: 28 | D6: 21 | E6: 46 | F6: 62 | G6: 22 | H6: 45616 | I6: Grambling | J6: 16 | K6: 22
A7: Auburn | B7: 411 | C7: 42 | D7: 18 | E7: 41 | F7: 60 | G7: 34 | H7: 45618 | I7: Auburn | J7: 8 | K7: 25
A8: Michigan State | B8: 618 | C8: 45 | D8: 19 | E8: 42 | F8: 59 | G8: 74 | H8: 45622 | I8: Michigan St. | J8: 14 | K8: 38
A9: Arizona | B9: 258 | C9: 87 | D9: 14 | E9: 34 | F9: 51 | G9: 15 | H9: 45623 | I9: Arizona | J9: 4 | K9: 19
A10: Alabama | B10: 569 | C10: 51 | D10: 18 | E10: 44 | F10: 63 | G10: 37 | H10: 45631 | I10: Alabama | J10: 16 | K10: 32
A11: Pacific | B11: 502 | C11: 41 | D11: 17 | E11: 34 | F11: 49 | G11: 40 | H11: 45633 | I11: Pacific | J11: 21 | K11: 31
A12: Stanford | B12: 513 | C12: 49 | D12: 18 | E12: 41 | F12: 65 | G12: 46 | H12: 45639 | I12: Stanford | J12: 21 | K12: 31
A13: Temple | B13: 62 | C13: 0 | D13: 4 | E13: 9 | F13: 11 | G13: 1 | H13: 45659 | I13: Clemson | J13: 12 | K13: 35
... A30: Notre Dame | B30: 220 | C30: 23 | D30: 19 | E30: 48 | F30: 77 | G30: 38 | H30: 45723 | I30: Notre Dame | J30: 14 | K30: 32
A33: total | B33: =SUM(B3:B31) -> 13135 | C33: =SUM(C3:C31) -> 1286 | D33: =SUM(D3:D31) -> 497 | E33: =SUM(E3:E31) -> 1141 | F33: =SUM(F3:F31) -> 1670 | G33: =SUM(G3:G31) -> 1345 | I33: =COUNTA(I2:I30) -> 29 | K33: =SUM(K2:K30) -> 862
A34: average PL/game | B34: =B33/$I$33 -> 452.93103 | C34: =C33/$I$33 -> 44.344828 | D34: =D33/$I$33 -> 17.137931 | E34: =E33/$I$33 -> 39.344828 | F34: =F33/$I$33 -> 57.586207 | G34: =G33/$I$33 -> 46.37931
A35: average PL/min | B35: =B33/$K$33 -> 15.237819 | C35: =C33/$K$33 -> 1.4918794 | D35: =D33/$K$33 -> 0.57656613 | E35: =E33/$K$33 -> 1.3236659 | F35: =F33/$K$33 -> 1.937355 | G35: =G33/$K$33 -> 1.5603248 | H35: avg min/game | I35: =K33/I33 -> 29.724138
A36: max | B36: =MAX(B2:B30) -> 698 | C36: =MAX(C2:C30) -> 87 | D36: =MAX(D2:D30) -> 21 | E36: =MAX(E2:E30) -> 48 | F36: =MAX(F2:F30) -> 77 | G36: =MAX(G2:G30) -> 84
A37: std | B37: =STDEV(B2:B30) -> 146.18907 | C37: =STDEV(C2:C30) -> 16.621844 | D37: =STDEV(D2:D30) -> 2.9411301 | E37: =STDEV(E2:E30) -> 6.9354874 | F37: =STDEV(F2:F30) -> 10.808453 | G37: =STDEV(G2:G30) -> 19.823296

Sheet kayla
B1: Total PL | C1: High IMA | D1: MII 1 | E1: MII 2 | F1: MII 3 | G1: PL 3+
A2: Saint Mary's | B2: 563 | C2: 98 | D2: 24 | E2: 49 | F2: 75 | G2: 170 | H2: 45600 | I2: Saint Mary's (CA) | J2: 9 | K2: 25
A3: Idaho State | B3: 480 | C3: 46 | D3: 21 | E3: 43 | F3: 68 | G3: 114 | H3: 45603 | I3: Idaho St. | J3: 11 | K3: 25
A4: SJSU | B4: 492 | C4: 62 | D4: 19 | E4: 42 | F4: 61 | G4: 120 | H4: 45605 | I4: San Jose St. | J4: 16 | K4: 26
A5: Gonzaga | B5: 878 | C5: 59 | D5: 21 | E5: 49 | F5: 71 | G5: 209 | H5: 45610 | I5: Gonzaga | J5: 25 | K5: 35
A6: Grambling | B6: 518 | C6: 66 | D6: 22 | E6: 47 | F6: 70 | G6: 169 | H6: 45616 | I6: Grambling | J6: 8 | K6: 23
A7: Auburn | B7: 734 | C7: 74 | D7: 25 | E7: 48 | F7: 68 | G7: 214 | H7: 45618 | I7: Auburn | J7: 7 | K7: 33
A8: Michigan State | B8: 182 | C8: 16 | D8: 20 | E8: 43 | F8: 69 | G8: 74 | H8: 45622 | I8: Michigan St. | J8: 3 | K8: 25
A9: Arizona | B9: 624 | C9: 80 | D9: 21 | E9: 48 | F9: 71 | G9: 190 | H9: 45623 | I9: Arizona | J9: 7 | K9: 31
A10: Alabama | B10: 755 | C10: 79 | D10: 23 | E10: 55 | F10: 76 | G10: 238 | H10: 45631 | I10: Alabama | J10: 21 | K10: 36
A11: Pacific | B11: 759 | C11: 94 | D11: 21 | E11: 43 | F11: 63 | G11: 224 | H11: 45633 | I11: Pacific | J11: 5 | K11: 35
A12: Stanford | B12: 671 | C12: 71 | D12: 22 | E12: 47 | F12: 72 | G12: 198 | H12: 45639 | I12: Stanford | J12: 13 | K12: 34
A13: Fordham | B13: 596 | C13: 89 | D13: 18 | E13: 42 | F13: 70 | G13: 154 | H13: 45647 | I13: Fordham | J13: 8 | K13: 33
... A32: Notre Dame | B32: 757 | C32: 63 | D32: 22 | E32: 51 | F32: 80 | G32: 227 | H32: 45723 | I32: Notre Dame | J32: 14 | K32: 37
A34: total | B34: =SUM(B2:B32) -> 19206 | C34: =SUM(C2:C32) -> 2245 | D34: =SUM(D2:D32) -> 665 | E34: =SUM(E2:E32) -> 1473 | F34: =SUM(F2:F32) -> 2209 | G34: =SUM(G2:G32) -> 5386 | I34: =COUNTA(I2:I32) -> 31 | K34: =SUM(K2:K32) -> 981
A35: average PL/game | B35: =B34/$I$34 -> 619.54839 | C35: =C34/$I$34 -> 72.419355 | D35: =D34/$I$34 -> 21.451613 | E35: =E34/$I$34 -> 47.516129 | F35: =F34/$I$34 -> 71.258065 | G35: =G34/$I$34 -> 173.74194
A36: average PL/min | B36: =B34/$K$34 -> 19.577982 | C36: =C34/$K$34 -> 2.2884811 | D36: =D34/$K$34 -> 0.67787971 | E36: =E34/$K$34 -> 1.5015291 | F36: =F34/$K$34 -> 2.2517839 | G36: =G34/$K$34 -> 5.490316 | H36: avg min/game | I36: =K34/I34 -> 31.645161
A37: max | B37: =MAX(B2:B32) -> 878 | C37: =MAX(C2:C32) -> 107 | D37: =MAX(D2:D32) -> 25 | E37: =MAX(E2:E32) -> 55 | F37: =MAX(F2:F32) -> 86 | G37: =MAX(G2:G32) -> 242
A38: std | B38: =STDEV(B2:B32) -> 157.03351 | C38: =STDEV(C2:C32) -> 20.774623 | D38: =STDEV(D2:D32) -> 1.6296975 | E38: =STDEV(E2:E32) -> 3.6043582 | F38: =STDEV(F2:F32) -> 5.7327582 | G38: =STDEV(G2:G32) -> 45.977507

Sheet gabi
B1: Total PL | C1: High IMA | D1: MII 1 | E1: MII 2 | F1: MII 3 | G1: PL 3+ | J1: points | K1: minutes
A2: Saint Mary's | B2: 72 | C2: 7 | D2: 16 | E2: 35 | F2: 51 | G2: 11 | H2: 45600 | I2: Saint Mary's (CA) | J2: 0 | K2: 3 | T2: 0
A3: Idaho State | B3: 219 | C3: 45 | D3: 17 | E3: 33 | F3: 53 | G3: 29 | H3: 45603 | I3: Idaho St. | J3: 8 | K3: 10 | T3: 0
A4: SJSU | B4: 141 | C4: 19 | D4: 15 | E4: 33 | F4: 51 | G4: 25 | H4: 45605 | I4: San Jose St. | J4: 2 | K4: 11 | T4: 3
A5: Gonzaga | B5: 184 | C5: 13 | D5: 17 | E5: 27 | F5: 43 | G5: 5 | H5: 45610 | I5: Gonzaga | J5: 0 | K5: 1 | T5: 0
A6: Grambling | B6: 197 | C6: 44 | D6: 16 | E6: 34 | F6: 48 | G6: 36 | H6: 45616 | I6: Grambling | J6: 11 | K6: 11 | T6: 4
A7: Auburn | B7: 154 | C7: 20 | D7: 16 | E7: 40 | F7: 58 | G7: 36 | H7: 45618 | I7: Auburn | J7: 0 | K7: 8 | T7: 2
A8: Michigan State | B8: 271 | C8: 32 | D8: 23 | E8: 31 | F8: 49 | G8: 58 | H8: 45622 | I8: Michigan St. | J8: 4 | K8: 15 | T8: 3
A9: Arizona | B9: 142 | C9: 23 | D9: 20 | E9: 44 | F9: 57 | G9: 29 | H9: 45623 | I9: Arizona | J9: 0 | K9: 8 | T9: 0
A10: Alabama | B10: 185 | C10: 24 | D10: 18 | E10: 39 | F10: 58 | G10: 33 | H10: 45631 | I10: Alabama | J10: 2 | K10: 11 | T10: 2
A11: Pacific | B11: 244 | C11: 38 | D11: 17 | E11: 38 | F11: 48 | G11: 39 | H11: 45633 | I11: Pacific | J11: 0 | K11: 13 | T11: 1
A12: Stanford | B12: 42 | C12: 8 | D12: 19 | E12: 5 | F12: 6 | G12: 10 | H12: 45639 | I12: Stanford | J12: 0 | K12: 2 | T12: 0
A13: Fordham | B13: 245 | C13: 47 | D13: 16 | E13: 37 | F13: 56 | G13: 41 | H13: 45647 | I13: Fordham | J13: 6 | K13: 15 | T13: 2
A14: Temple | B14: 407 | C14: 61 | D14: 19 | E14: 40 | F14: 61 | G14: 36 | H14: 45648 | I14: Temple | J14: 6 | K14: 13 | T14: 2
A15: Clemson | B15: 47 | C15: 3 | D15: 18 | E15: 44 | F15: n/a | G15: 10 | H15: 45659 | I15: Clemson | J15: 0 | K15: 3 | T15: 0
A16: SMU | B16: 150 | C16: 25 | D16: 18 | E16: 34 | F16: n/a | G16: 29 | H16: 45662 | I16: SMU | J16: 2 | K16: 9 | T16: 2
A17: NC State | B17: 326 | C17: 39 | D17: 18 | E17: 45 | F17: 63 | G17: 52 | H17: 45666 | I17: NC State | J17: 4 | K17: 16 | T17: 2
A18: Florida State | B18: 305 | C18: 36 | D18: 19 | E18: 46 | F18: 64 | G18: 46 | H18: 45669 | I18: Florida St. | J18: 4 | K18: 15 | T18: 2
A19: Duke | B19: 204 | C19: 38 | D19: 20 | E19: 41 | F19: 36 | G19: 40 | H19: 45673 | I19: Duke | J19: 4 | K19: 11 | T19: 2
A20: Wake Forest | B20: 133 | C20: 21 | D20: 18 | E20: 41 | F20: 47 | G20: 30 | H20: 45676 | I20: Wake Forest | J20: 2 | K20: 7 | T20: 2
A21: Game | B21: 86 | C21: 19 | D21: 13 | E21: 22 | F21: 27 | G21: 8 | H21: 45680 | I21: Stanford | J21: 2 | K21: 2 | T21: 1
A22: UNC | B22: 221 | C22: 30 | D22: 19 | E22: 38 | F22: 64 | G22: 44 | H22: 45687 | I22: North Carolina | J22: 0 | K22: 15 | T22: 0
A23: Louisville | B23: 40 | C23: 6 | D23: 19 | E23: 39 | F23: n/a | G23: 6 | H23: 45694 | I23: Louisville | J23: 0 | K23: 3 | T23: 1
A24: Notre Dame | B24: 65 | C24: 8 | D24: 22 | E24: n/a | F24: n/a | G24: 21 | H24: 45697 | I24: Notre Dame | J24: 0 | K24: 3 | T24: 2
A25: Boston College | B25: 117 | C25: 7 | D25: 18 | E25: 21 | F25: 28 | G25: 6 | H25: 45701 | I25: Boston College | J25: 0 | K25: 3 | T25: 0
A26: Syracuse | B26: 193 | C26: 27 | D26: 17 | E26: 39 | F26: 52 | G26: 46 | H26: 45704 | I26: Syracuse | J26: 3 | K26: 10 | T26: 1
A27: Virginia | B27: 76 | C27: 14 | D27: 16 | E27: 37 | F27: 61 | G27: 7 | H27: 45708 | I27: Virginia | J27: 2 | K27: 5 | T27: 0
A28: Virginia Tech | B28: 76 | C28: 8 | D28: 16 | E28: 32 | F28: n/a | G28: 6 | H28: 45711 | I28: Virginia Tech | J28: 2 | K28: 5 | T28: 4
A29: Georgia Tech | B29: 96 | C29: 15 | D29: 20 | E29: 41 | F29: n/a | G29: 17 | H29: 45715 | I29: Georgia Tech | J29: 3 | K29: 6 | T29: 0
A30: Miami | B30: 79 | C30: 9 | D30: 18 | E30: 39 | F30: 25 | G30: 16 | H30: 45718 | I30: Miami (FL) | J30: 0 | K30: 4 | T30: 0
A31: Virginia | B31: 134 | C31: 20 | D31: 18 | E31: 33 | F31: 43 | G31: 16 | H31: 45722 | I31: Virginia | J31: 2 | K31: 6 | T31: 1
A32: Notre Dame | B32: 183 | C32: 34 | D32: 18 | E32: 37 | F32: 53 | G32: 33 | H32: 45723 | I32: Notre Dame | J32: 0 | K32: 8 | T32: 1
T33: 0
A34: total | B34: =SUM(B2:B32) -> 5034 | C34: =SUM(C2:C32) -> 740 | D34: =SUM(D2:D32) -> 554 | E34: =SUM(E2:E32) -> 1065 | F34: =SUM(F2:F32) -> 1202 | G34: =SUM(G2:G32) -> 821 | I34: =COUNTA(I2:I32) -> 31 | K34: =SUM(K2:K32) -> 252 | T34: 2
A36: avg PL/game | B36: =B34/$I$34 -> 162.3871 | C36: =C34/$I$34 -> 23.870968 | D36: =D34/$I$34 -> 17.870968 | E36: =E34/$I$34 -> 34.354839 | F36: =F34/$I$34 -> 38.774194 | G36: =G34/$I$34 -> 26.483871 | J36: avg mins/game | K36: =K34/I34 -> 8.1290323
A37: avg PL/minute | B37: =B34/$K$34 -> 19.97619 | C37: =C34/$K$34 -> 2.9365079 | D37: =D34/$K$34 -> 2.1984127 | E37: =E34/$K$34 -> 4.2261905 | F37: =F34/$K$34 -> 4.7698413 | G37: =G34/$K$34 -> 3.2579365
A38: max | B38: =MAX(B2:B32) -> 407 | C38: =MAX(C2:C32) -> 61 | D38: =MAX(D2:D32) -> 23 | E38: =MAX(E2:E32) -> 46 | F38: =MAX(F2:F32) -> 64 | G38: =MAX(G2:G32) -> 58
A39: std | B39: =STDEV(B2:B32) -> 89.726131 | C39: =STDEV(C2:C32) -> 14.65092 | D39: =STDEV(D2:D32) -> 1.9956943 | E39: =STDEV(E2:E32) -> 8.2952001 | F39: =STDEV(F2:F32) -> 14.191899 | G39: =STDEV(G2:G32) -> 15.511009

Sheet lulu
B1: Total PL | C1: High IMA | D1: MII 1 | E1: MII 2 | F1: MII 3 | G1: PL 3+ | J1: points | K1: minutes
A2: Saint Mary's | B2: 504 | C2: 33 | D2: 16 | E2: 37 | F2: 56 | G2: 72 | H2: 45600 | I2: Saint Mary's (CA) | J2: 24 | K2: 28
A3: Idaho State | B3: 389 | C3: 28 | D3: 16 | E3: 39 | F3: 54 | G3: 43 | H3: 45603 | I3: Idaho St. | J3: 13 | K3: 24
A4: SJSU | B4: 381 | C4: 23 | D4: 16 | E4: 36 | F4: 49 | G4: 50 | H4: 45605 | I4: San Jose St. | J4: 14 | K4: 24
A5: Gonzaga | B5: 678 | C5: 36 | D5: 17 | E5: 42 | F5: 57 | G5: 92 | H5: 45610 | I5: Gonzaga | J5: 18 | K5: 31
A6: Grambling | B6: 409 | C6: 37 | D6: 15 | E6: 37 | F6: 53 | G6: 59 | H6: 45616 | I6: Grambling | J6: 19 | K6: 24
A7: Auburn | B7: 649 | C7: 57 | D7: 18 | E7: 38 | F7: 58 | G7: 114 | H7: 45618 | I7: Auburn | J7: 22 | K7: 38
A8: Michigan State | B8: 242 | C8: 18 | D8: 18 | E8: 34 | F8: 52 | G8: 36 | H8: 45622 | I8: Michigan St. | J8: 20 | K8: 37
A9: Arizona | B9: 435 | C9: 45 | D9: 15 | E9: 32 | F9: 50 | G9: 59 | H9: 45623 | I9: Arizona | J9: 18 | K9: 29
A10: Alabama | B10: 615 | C10: 43 | D10: 18 | E10: 44 | F10: 61 | G10: 83 | H10: 45631 | I10: Alabama | J10: 4 | K10: 36
A11: Pacific | B11: 507 | C11: 35 | D11: 17 | E11: 44 | F11: 59 | G11: 59 | H11: 45633 | I11: Pacific | J11: 9 | K11: 30
A12: Stanford | B12: 575 | C12: 49 | D12: 20 | E12: 41 | F12: 65 | G12: 92 | H12: 45639 | I12: Stanford | J12: 20 | K12: 33
A13: Fordham | B13: 524 | C13: 45 | D13: 15 | E13: 35 | F13: 56 | G13: 57 | H13: 45647 | I13: Fordham | J13: 10 | K13: 33
... A32: Notre Dame | B32: 610 | C32: 52 | D32: 18 | E32: 44 | F32: 69 | G32: 136 | H32: 45723 | I32: Notre Dame | J32: 16 | K32: 35
A34: total | B34: =SUM(B4:B32) -> 15313 | C34: =SUM(C4:C32) -> 1140 | D34: =SUM(D4:D32) -> 521 | E34: =SUM(E4:E32) -> 1156 | F34: =SUM(F4:F32) -> 1702 | G34: =SUM(G4:G32) -> 2477 | I34: =COUNTA(I4:I32) -> 29 | K34: =SUM(K4:K32) -> 922
A35: average PL/game | B35: =B34/$I$34 -> 528.03448 | C35: =C34/$I$34 -> 39.310345 | D35: =D34/$I$34 -> 17.965517 | E35: =E34/$I$34 -> 39.862069 | F35: =F34/$I$34 -> 58.689655 | G35: =G34/$I$34 -> 85.413793
A36: average PL/min | B36: =B34/$K$34 -> 16.60846 | C36: =C34/$K$34 -> 1.2364425 | D36: =D34/$K$34 -> 0.56507592 | E36: =E34/$K$34 -> 1.2537961 | F36: =F34/$K$34 -> 1.845987 | G36: =G34/$K$34 -> 2.686551 | I36: avg mins/game | J36: =K34/I34 -> 31.793103
A37: max | B37: =MAX(B2:B32) -> 726 | C37: =MAX(C2:C32) -> 61 | D37: =MAX(D2:D32) -> 22 | E37: =MAX(E2:E32) -> 52 | F37: =MAX(F2:F32) -> 74 | G37: =MAX(G2:G32) -> 209
A38: std | B38: =STDEV(B2:B32) -> 122.54025 | C38: =STDEV(C2:C32) -> 10.639448 | D38: =STDEV(D2:D32) -> 1.8636304 | E38: =STDEV(E2:E32) -> 4.1147519 | F38: =STDEV(F2:F32) -> 5.2841821 | G38: =STDEV(G2:G32) -> 35.200073

Sheet lola
B1: Total PL | C1: High IMA | D1: MII 1 | E1: MII 2 | F1: MII 3 | G1: PL 3+ | J1: points | K1: minutes
A2: Saint Mary's | B2: 317 | C2: 20 | D2: 17 | E2: 36 | F2: 49 | G2: 35 | H2: 45600 | I2: Saint Mary's (CA) | J2: 1 | K2: 17
A3: Idaho State | B3: 370 | C3: 23 | D3: 16 | E3: 35 | F3: 52 | G3: 43 | H3: 45603 | I3: Idaho St. | J3: 0 | K3: 23
A4: SJSU | B4: 353 | C4: 30 | D4: 16 | E4: 33 | F4: 50 | G4: 53 | H4: 45605 | I4: San Jose St. | J4: 0 | K4: 19
A5: Gonzaga | B5: 407 | C5: 22 | D5: 19 | E5: 34 | F5: 41 | G5: 35 | H5: 45610 | I5: Gonzaga | J5: 0 | K5: 13
A6: Grambling | B6: 232 | C6: 23 | D6: 16 | E6: 36 | F6: 46 | G6: 29 | H6: 45616 | I6: Grambling | J6: 3 | K6: 11
A7: Auburn | B7: 238 | C7: 20 | D7: 19 | E7: 36 | F7: 50 | G7: 48 | H7: 45618 | I7: Auburn | J7: 1 | K7: 14
A8: Michigan State | B8: 391 | C8: 31 | D8: 18 | E8: 39 | F8: 57 | G8: 54 | H8: 45622 | I8: Michigan St. | J8: 2 | K8: 23
A9: Arizona | B9: 466 | C9: 30 | D9: 18 | E9: 40 | F9: 55 | G9: 62 | H9: 45623 | I9: Arizona | J9: 1 | K9: 28
A10: Alabama | B10: 128 | C10: 10 | D10: 18 | E10: 38 | F10: 55 | G10: 20 | H10: 45631 | I10: Alabama | J10: 0 | K10: 8
A11: Pacific | B11: 192 | C11: 11 | D11: 18 | E11: 42 | F11: 63 | G11: 30 | H11: 45633 | I11: Pacific | J11: 0 | K11: 10
A12: Stanford | B12: 189 | C12: 16 | D12: 20 | E12: 35 | F12: 57 | G12: 28 | H12: 45639 | I12: Stanford | J12: 0 | K12: 9
A13: Wake Forest | B13: 4 | C13: 0 | D13: n/a | E13: n/a | F13: n/a | G13: 0 | H13: 45676 | I13: Wake Forest | J13: 0 | K13: 2
A14: Game | B14: 274 | C14: 15 | D14: 17 | E14: 38 | F14: 49 | G14: 37 | H14: 45680 | I14: Stanford | J14: 2 | K14: 12
A15: UNC | B15: 211 | C15: 14 | D15: 15 | E15: 33 | F15: 49 | G15: 31 | H15: 45687 | I15: North Carolina | J15: 3 | K15: 14
A16: Louisville | B16: 98 | C16: 6 | D16: 17 | E16: 37 | F16: n/a | G16: 18 | H16: 45694 | I16: Louisville | J16: 0 | K16: 6
A17: Notre Dame | B17: 127 | C17: 11 | D17: 16 | E17: 37 | F17: 54 | G17: 17 | H17: 45697 | I17: Notre Dame | J17: 0 | K17: 8
A18: Boston College | B18: 214 | C18: 13 | D18: 15 | E18: 38 | F18: 59 | G18: 17 | H18: 45701 | I18: Boston College | J18: 0 | K18: 10
A19: Virginia | B19: 93 | C19: 7 | D19: 17 | E19: 33 | F19: 32 | G19: 12 | H19: 45708 | I19: Virginia | J19: 0 | K19: 6
A20: Virginia Tech | B20: 66 | C20: 2 | D20: 17 | E20: 36 | F20: 55 | G20: 6 | H20: 45711 | I20: Virginia Tech | J20: 0 | K20: 4
A21: Georgia Tech | B21: 59 | C21: 3 | D21: 14 | E21: n/a | F21: n/a | G21: 7 | H21: 45715 | I21: Georgia Tech | J21: 0 | K21: 4
A22: Miami | B22: 106 | C22: 6 | D22: 17 | E22: 37 | F22: 52 | G22: 16 | H22: 45718 | I22: Miami (FL) | J22: 0 | K22: 6
A23: Virginia | B23: 24 | C23: 0 | D23: 11 | E23: 23 | F23: n/a | G23: 2 | H23: 45722 | I23: Virginia | J23: 0 | K23: 1
A24: Notre Dame | B24: 40 | C24: 2 | D24: 16 | E24: 31 | F24: n/a | G24: 7 | H24: 45723 | I24: Notre Dame | J24: 0 | K24: 2
A26: total | B26: =SUM(B2:B24) -> 4599 | C26: =SUM(C2:C24) -> 315 | D26: =SUM(D2:D24) -> 367 | E26: =SUM(E2:E24) -> 747 | F26: =SUM(F2:F24) -> 925 | G26: =SUM(G2:G24) -> 607 | I26: =COUNTA(I2:I24) -> 23 | K26: =SUM(K2:K24) -> 250
A28: avg PL/game | B28: =B26/$I$26 -> 199.95652 | C28: =C26/$I$26 -> 13.695652 | D28: =D26/$I$26 -> 15.956522 | E28: =E26/$I$26 -> 32.478261 | F28: =F26/$I$26 -> 40.217391 | G28: =G26/$I$26 -> 26.391304 | I28: avg min/game | J28: =K26/I26 -> 10.869565
A29: avg PL/min | B29: =B26/$K$26 -> 18.396 | C29: =C26/$K$26 -> 1.26 | D29: =D26/$K$26 -> 1.468 | E29: =E26/$K$26 -> 2.988 | F29: =F26/$K$26 -> 3.7 | G29: =G26/$K$26 -> 2.428
A30: max | B30: =MAX(B2:B24) -> 466 | C30: =MAX(C2:C24) -> 31 | D30: =MAX(D2:D24) -> 20 | E30: =MAX(E2:E24) -> 42 | F30: =MAX(F2:F24) -> 63 | G30: =MAX(G2:G24) -> 62
A31: std | B31: =STDEV(B2:B24) -> 134.5972 | C31: =STDEV(C2:C24) -> 9.8046129 | D31: =STDEV(D2:D24) -> 1.9120262 | E31: =STDEV(E2:E24) -> 3.8674466 | F31: =STDEV(F2:F24) -> 7.0137587 | G31: =STDEV(G2:G24) -> 17.642251

Sheet dros
B1: Total PL | C1: High IMA | D1: MII 1 | E1: MII 2 | F1: MII 3 | G1: PL 3+
A2: Idaho State | B2: 121 | C2: 11 | D2: 16 | E2: 41 | F2: 42 | G2: 25 | H2: 45603 | I2: Idaho St. | J2: 0 | K2: 6
A3: Gonzaga | B3: 215 | C3: 5 | D3: 17 | E3: 37 | F3: 57 | G3: 10 | H3: 45605 | I3: San Jose St. | J3: 0 | K3: 4
A4: Michigan State | B4: 24 | C4: 0 | D4: 4 | E4: 6 | F4: 7 | G4: 0 | H4: 45616 | I4: Grambling | J4: 0 | K4: 9
A5: Stanford | B5: 73 | C5: 3 | D5: 14 | E5: 30 | F5: 43 | G5: 11 | H5: 45639 | I5: Stanford | J5: 2 | K5: 1
A6: Fordham | B6: 117 | C6: 22 | D6: 17 | E6: 39 | F6: 55 | G6: 20 | H6: 45647 | I6: Fordham | J6: 0 | K6: 9
A7: Temple | B7: 658 | C7: 36 | D7: 21 | E7: 49 | F7: 73 | G7: 96 | H7: 45648 | I7: Temple | J7: 4 | K7: 23
A8: Clemson | B8: 332 | C8: 15 | D8: 19 | E8: 45 | F8: 68 | G8: 60 | H8: 45659 | I8: Clemson | J8: 3 | K8: 18
A9: SMU | B9: 177 | C9: 18 | D9: 19 | E9: 44 | F9: 59 | G9: 33 | H9: 45662 | I9: SMU | J9: 7 | K9: 10
A10: NC State | B10: 181 | C10: 14 | D10: 20 | E10: 56 | F10: 75 | G10: 34 | H10: 45666 | I10: NC State | J10: 0 | K10: 6
A11: Florida State | B11: 292 | C11: 11 | D11: 20 | E11: 46 | F11: 55 | G11: 49 | H11: 45669 | I11: Florida St. | J11: 0 | K11: 11
A12: Duke | B12: 185 | C12: 14 | D12: 20 | E12: 42 | F12: 54 | G12: 36 | H12: 45673 | I12: Duke | J12: 2 | K12: 9
A13: Wake Forest | B13: 172 | C13: 16 | D13: 22 | E13: 46 | F13: 65 | G13: 40 | H13: 45676 | I13: Wake Forest | J13: 0 | K13: 8
... A16: Louisville | B16: 114 | C16: 5 | D16: 18 | E16: 40 | F16: 61 | G16: 27 | H16: 45694 | I16: Louisville | J16: 0 | K16: 6
A17: Notre Dame | B17: 139 | C17: 6 | D17: 20 | E17: 49 | F17: n/a | G17: 40 | H17: 45697 | I17: Notre Dame | J17: 0 | K17: 7
A18: Boston College | B18: 162 | C18: 5 | D18: 20 | E18: 39 | F18: 52 | G18: 19 | H18: 45701 | I18: Boston College | J18: 0 | K18: 4
A19: Georgia Tech | B19: 36 | C19: 1 | D19: 13 | E19: 31 | F19: n/a | G19: 8 | H19: 45715 | I19: Georgia Tech | J19: 2 | K19: 2
A20: Miami | B20: 45 | C20: 1 | D20: 19 | E20: 42 | F20: n/a | G20: 9 | H20: 45718 | I20: Miami (FL) | J20: 0 | K20: 3
A21: Notre Dame | B21: 63 | C21: 1 | D21: 21 | E21: 33 | F21: n/a | G21: 13 | H21: 45723 | I21: Notre Dame | J21: 0 | K21: 2
A23: total | B23: =SUM(B2:B21) -> 3382 | C23: =SUM(C2:C21) -> 196 | D23: =SUM(D2:D21) -> 363 | E23: =SUM(E2:E21) -> 802 | F23: =SUM(F2:F21) -> 868 | G23: =SUM(G2:G21) -> 579 | I23: =COUNTA(I2:I21) -> 20 | K23: =SUM(K2:K21) -> 148
A25: total PL/game | B25: =B23/$I$23 -> 169.1 | C25: =C23/$I$23 -> 9.8 | D25: =D23/$I$23 -> 18.15 | E25: =E23/$I$23 -> 40.1 | F25: =F23/$I$23 -> 43.4 | G25: =G23/$I$23 -> 28.95 | I25: avg min/game | J25: =K23/I23 -> 7.4
A26: total PL/minute | B26: =B23/$K$23 -> 22.851351 | C26: =C23/$K$23 -> 1.3243243 | D26: =D23/$K$23 -> 2.4527027 | E26: =E23/$K$23 -> 5.4189189 | F26: =F23/$K$23 -> 5.8648649 | G26: =G23/$K$23 -> 3.9121622
A27: max | B27: =MAX(B2:B21) -> 658 | C27: =MAX(C2:C21) -> 36 | D27: =MAX(D2:D21) -> 22 | E27: =MAX(E2:E21) -> 56 | F27: =MAX(F2:F21) -> 75 | G27: =MAX(G2:G21) -> 96
A28: std | B28: =STDEV(B2:B21) -> 140.59681 | C28: =STDEV(C2:C21) -> 8.9595583 | D28: =STDEV(D2:D21) -> 4.1329867 | E28: =STDEV(E2:E21) -> 10.171684 | F28: =STDEV(F2:F21) -> 17.167799 | G28: =STDEV(G2:G21) -> 21.835449

Sheet gmaul
B1: Total PL | C1: High IMA | D1: MII 1 | E1: MII 2 | F1: MII 3 | G1: PL 3+
A2: Grambling | B2: 202 | C2: 16 | D2: 14 | E2: 29 | F2: 41 | G2: 22 | H2: 45616 | I2: Grambling | J2: 0 | K2: 11
A3: Michigan State | B3: 72 | C3: 7 | D3: 20 | E3: 44 | F3: n/a | G3: 14 | H3: 45622 | I3: Michigan St. | J3: 0 | K3: 4
A4: Arizona | B4: 358 | C4: 43 | D4: 21 | E4: 44 | F4: 58 | G4: 51 | H4: 45623 | I4: Arizona | J4: 10 | K4: 20
A5: Alabama | B5: 37 | C5: 4 | D5: 11 | E5: n/a | F5: n/a | G5: 3 | H5: 45631 | I5: Alabama | J5: 0 | K5: 2
A6: Pacific | B6: 88 | C6: 7 | D6: 14 | E6: 34 | F6: 54 | G6: 10 | H6: 45633 | I6: Pacific | J6: 0 | K6: 5
A7: Stanford | B7: 128 | C7: 8 | D7: 15 | E7: 35 | F7: 56 | G7: 15 | H7: 45639 | I7: Stanford | J7: 0 | K7: 7
A8: Fordham | B8: 227 | C8: 11 | D8: 19 | E8: 40 | F8: 61 | G8: 23 | H8: 45647 | I8: Fordham | J8: 2 | K8: 14
A9: Temple | B9: 336 | C9: 17 | D9: 19 | E9: 42 | F9: 51 | G9: 26 | H9: 45648 | I9: Temple | J9: 0 | K9: 7
A10: Clemson | B10: 91 | C10: 4 | D10: 21 | E10: 43 | F10: n/a | G10: 17 | H10: 45659 | I10: Clemson | J10: 0 | K10: 5
A11: SMU | B11: 117 | C11: 8 | D11: 20 | E11: 42 | F11: 39 | G11: 14 | H11: 45662 | I11: SMU | J11: 0 | K11: 7
A12: Game | B12: 88 | C12: 7 | D12: 16 | E12: 34 | F12: 26 | G12: 6 | H12: 45680 | I12: Stanford | J12: 0 | K12: 2
A13: Louisville | B13: 233 | C13: 19 | D13: 16 | E13: 33 | F13: 44 | G13: 32 | H13: 45694 | I13: Louisville | J13: 4 | K13: 13
A14: Notre Dame | B14: 227 | C14: 20 | D14: 21 | E14: 42 | F14: 67 | G14: 41 | H14: 45697 | I14: Notre Dame | J14: 2 | K14: 11
A15: Boston College | B15: 129 | C15: 7 | D15: 19 | E15: 35 | F15: 44 | G15: 13 | H15: 45701 | I15: Boston College | J15: 0 | K15: 3
A16: Syracuse | B16: 82 | C16: 4 | D16: 16 | E16: 30 | F16: n/a | G16: 16 | H16: 45704 | I16: Syracuse | J16: 0 | K16: 3
A17: Virginia | B17: 76 | C17: 6 | D17: 17 | E17: 41 | F17: 65 | G17: 16 | H17: 45708 | I17: Virginia | J17: 0 | K17: 3
A18: Georgia Tech | B18: 98 | C18: 3 | D18: 17 | E18: 36 | F18: 56 | G18: 14 | H18: 45715 | I18: Georgia Tech | J18: 0 | K18: 5
A19: Miami | B19: 92 | C19: 7 | D19: 16 | E19: 27 | F19: 31 | G19: 15 | H19: 45718 | I19: Miami (FL) | J19: 0 | K19: 5
A20: Virginia | B20: 147 | C20: 10 | D20: 16 | E20: 39 | F20: 54 | G20: 15 | H20: 45722 | I20: Virginia | J20: 0 | K20: 8
A21: Notre Dame | B21: 308 | C21: 26 | D21: 21 | E21: 43 | F21: 57 | G21: 74 | H21: 45723 | I21: Notre Dame | J21: 0 | K21: 15
A23: total | B23: =SUM(B2:B21) -> 3136 | C23: =SUM(C2:C21) -> 234 | D23: =SUM(D2:D21) -> 349 | E23: =SUM(E2:E21) -> 713 | F23: =SUM(F2:F21) -> 804 | G23: =SUM(G2:G21) -> 437 | I23: =COUNTA(I2:I21) -> 20 | K23: =SUM(K2:K21) -> 150
A25: avg PL/game | B25: =B23/$I$23 -> 156.8 | C25: =C23/$I$23 -> 11.7 | D25: =D23/$I$23 -> 17.45 | E25: =E23/$I$23 -> 35.65 | F25: =F23/$I$23 -> 40.2 | G25: =G23/$I$23 -> 21.85 | I25: avg min/game | J25: =K23/I23 -> 7.5
A26: avg PL/min | B26: =B23/$K$23 -> 20.906667 | C26: =C23/$K$23 -> 1.56 | D26: =D23/$K$23 -> 2.3266667 | E26: =E23/$K$23 -> 4.7533333 | F26: =F23/$K$23 -> 5.36 | G26: =G23/$K$23 -> 2.9133333
A27: max | B27: =MAX(B2:B21) -> 358 | C27: =MAX(C2:C21) -> 43 | D27: =MAX(D2:D21) -> 21 | E27: =MAX(E2:E21) -> 44 | F27: =MAX(F2:F21) -> 67 | G27: =MAX(G2:G21) -> 74
A28: std | B28: =STDEV(B2:B21) -> 95.024429 | C28: =STDEV(C2:C21) -> 9.6796042 | D28: =STDEV(D2:D21) -> 2.8372522 | E28: =STDEV(E2:E21) -> 5.3992635 | F28: =STDEV(F2:F21) -> 11.727461 | G28: =STDEV(G2:G21) -> 16.702584

Sheet kam
A1: Saint Mary's | B1: 173 | C1: 0.0058333333 | D1: 0.015104167 | F1: 45600 | G1: Saint Mary's (CA) | H1: 3 | I1: 10 | Q1: 0 | R1: 2
A2: Idaho State | B2: 233 | C2: 0.0084490741 | D2: 0.021030093 | F2: 45603 | G2: Idaho St. | H2: 5 | I2: 15 | Q2: 0 | R2: 0
A3: SJSU | B3: 92 | C3: 0.0035069444 | D3: 0.0089814815 | F3: 45605 | G3: San Jose St. | H3: 0 | I3: 9 | Q3: 0 | R3: 2
A4: Gonzaga | B4: 198 | C4: 0.0099884259 | D4: 0.042372685 | F4: 45610 | G4: Gonzaga | H4: 0 | I4: 1 | Q4: 0 | R4: 0
A5: Grambling | B5: 162 | C5: 0.0063078704 | D5: 0.021840278 | F5: 45616 | G5: Grambling | H5: 0 | I5: 9 | Q5: 2 | R5: 0
A6: Stanford | B6: 61 | C6: 0.0029282407 | D6: 0.0075694444 | F6: 45639 | G6: Stanford | H6: 0 | I6: 1 | Q6: 0 | R6: 0
A7: Fordham | B7: 72 | C7: 0.0020601852 | D7: 0.0063425926 | F7: 45647 | G7: Fordham | H7: 0 | I7: 3 | Q7: 1 | R7: 1
A8: Temple | B8: 335 | C8: 0.018553241 | D8: 0.051296296 | F8: 45648 | G8: Temple | H8: 4 | I8: 7 | Q8: 0 | R8: 0
A9: NC State | B9: 52 | C9: 0.0029282407 | D9: 0.010115741 | F9: 45662 | G9: SMU | H9: 0 | I9: 1 | Q9: 1 | R9: 0
A10: Florida State | B10: 154 | C10: 0.0076273148 | D10: 0.025011574 | F10: 45669 | G10: Florida St. | H10: 0 | I10: 1 | Q10: 0 | R10: 0
A11: Wake Forest | B11: 37 | C11: 0.0015972222 | D11: 0.0036226852 | F11: 45676 | G11: Wake Forest | H11: 0 | I11: 2 | Q11: 1 | R11: 0
A12: Stanford | B12: 68 | C12: 0.0043287037 | D12: 0.011597222 | F12: missing | Q12: 0 | R12: 1
A13: Boston College | B13: 111 | C13: 0.0071064815 | D13: 0.01962963 | F13: missing | Q13: 0 | R13: 3
A14: Georgia Tech | B14: 13 | C14: 0.00048611111 | D14: 0.0010416667 | F14: 45715 | G14: Georgia Tech | H14: 0 | I14: 1 | Q14: 0 | R14: 0
A15: Miami | B15: 125 | C15: 0.0039583333 | D15: 0.011076389 | F15: 45718 | G15: Miami (FL) | H15: 5 | I15: 7 | Q15: 0 | R15: 1
A16: total PL | B16: =SUM(B14:B15,B1:B11) -> 1707
A17: average PL/game | B17: =AVERAGE(B1:B11,B14:B15) -> 131.30769 | G17: =COUNTA(G14:G15,G1:G11) -> 13 | I17: =SUM(I1:I15) -> 67
A18: avg PL/min | B18: =B16/I17 -> 25.477612 | G18: avg min/game | H18: =I17/G17 -> 5.1538462

Sheet nat
B1: Total PL | C1: High IMA | D1: MII 1 | E1: MII 2 | F1: MII 3 | G1: PL 3+
A2: Saint Mary's | B2: 178 | C2: 15 | D2: 18 | E2: 41 | F2: 61 | G2: 45 | H2: 45600 | I2: Saint Mary's (CA) | J2: 8 | K2: 9
A3: Idaho State | B3: 218 | C3: 23 | D3: 19 | E3: 36 | F3: 53 | G3: 49 | H3: 45603 | I3: Idaho St. | J3: 6 | K3: 13
A4: SJSU | B4: 243 | C4: 20 | D4: 15 | E4: 33 | F4: 52 | G4: 50 | H4: 45605 | I4: San Jose St. | J4: 8 | K4: 13
A5: Gonzaga | B5: 402 | C5: 45 | D5: 19 | E5: 39 | F5: 54 | G5: 57 | H5: 45610 | I5: Gonzaga | J5: 2 | K5: 16
A6: Grambling | B6: 244 | C6: 19 | D6: 19 | E6: 44 | F6: 60 | G6: 43 | H6: 45616 | I6: Grambling | J6: 4 | K6: 12
A7: Auburn | B7: 105 | C7: 16 | D7: 19 | E7: 38 | F7: 55 | G7: 22 | H7: 45618 | I7: Auburn | J7: 0 | K7: 6
A8: Michigan State | B8: 83 | C8: 6 | D8: 18 | E8: 36 | F8: 3 | G8: 14 | H8: 45622 | I8: Michigan St. | J8: 1 | K8: 3
A9: Alabama | B9: 118 | C9: 4 | D9: 18 | E9: 37 | F9: 60 | G9: 33 | H9: 45631 | I9: Alabama | J9: 2 | K9: 7
A10: Pacific | B10: 111 | C10: 8 | D10: 19 | E10: 35 | F10: 52 | G10: 26 | H10: 45633 | I10: Pacific | J10: 0 | K10: 5
A11: Stanford | B11: 39 | C11: 1 | D11: 12 | E11: 23 | F11: 7 | G11: 3 | H11: 45639 | I11: Stanford | J11: 0 | K11: 1
A12: Fordham | B12: 70 | C12: 5 | D12: 19 | E12: 40 | F12: 59 | G12: 6 | H12: 45647 | I12: Fordham | J12: 2 | K12: 4
A13: Temple | B13: 256 | C13: 27 | D13: 17 | E13: 41 | F13: 61 | G13: 30 | H13: 45648 | I13: Temple | J13: 0 | K13: 7
A14: Clemson | B14: 48 | C14: 6 | D14: 19 | E14: 40 | F14: n/a | G14: 8 | H14: 45659 | I14: Clemson | J14: 0 | K14: 2
A15: SMU | B15: 162 | C15: 13 | D15: 17 | E15: 38 | F15: 38 | G15: 18 | H15: 45662 | I15: SMU | J15: 3 | K15: 10
A16: NC State | B16: 46 | C16: 5 | D16: 9 | E16: 23 | F16: 32 | G16: 1 | H16: missing
A17: Florida State | B17: 199 | C17: 17 | D17: 19 | E17: 44 | F17: 62 | G17: 31 | H17: 45669 | I17: Florida St. | J17: 6 | K17: 6
A18: Duke | B18: 207 | C18: 26 | D18: 17 | E18: 33 | F18: 51 | G18: 31 | H18: 45673 | I18: Duke | J18: 6 | K18: 12
A19: Wake Forest | B19: 211 | C19: 17 | D19: 19 | E19: 39 | F19: 52 | G19: 44 | H19: 45676 | I19: Wake Forest | J19: 3 | K19: 12
A20: Stanford | B20: 232 | C20: 28 | D20: 17 | E20: 34 | F20: 21 | G20: 39 | H20: 45680 | I20: Stanford | J20: 6 | K20: 11
A21: Syracuse | B21: 214 | C21: 19 | D21: 20 | E21: 44 | F21: 48 | G21: 30 | H21: 45704 | I21: Syracuse | J21: 0 | K21: 8
A22: Virginia | B22: 7 | C22: 0 | D22: 5 | E22: n/a | F22: n/a | G22: 0 | H22: 45708 | I22: Virginia | J22: 0 | K22: 0
A23: Virginia Tech | B23: 88 | C23: 4 | D23: 17 | E23: 34 | F23: n/a | G23: 15 | H23: 45711 | I23: Virginia Tech | J23: 0 | K23: 5
A24: Miami | B24: 93 | C24: 11 | D24: 18 | E24: 38 | F24: 59 | G24: 21 | H24: 45718 | I24: Miami (FL) | J24: 2 | K24: 4
A25: Notre Dame | B25: 39 | C25: 4 | D25: 17 | E25: 30 | F25: n/a | G25: 7 | H25: 45723 | I25: Notre Dame | J25: 0 | K25: 2
A27: total | B27: =SUM(B17:B25,B2:B15) -> 3567 | C27: =SUM(C2:C25) -> 339 | D27: =SUM(D2:D25) -> 406 | E27: =SUM(E2:E25) -> 840 | F27: =SUM(F2:F25) -> 940 | G27: total game | H27: =COUNTA(I17:I25,I2:I15) -> 23 | I27: total min | J27: =SUM(K2:K25) -> 168
A28: avg /game | B28: =B27/H27 -> 155.08696 | C28: =C27/$H$27 -> 14.73913 | D28: =D27/$H$27 -> 17.652174 | E28: =E27/$H$27 -> 36.521739 | F28: =F27/$H$27 -> 40.869565 | H28: avg min/game | I28: =J27/H27 -> 7.3043478
A29: avg /min | B29: =B27/$J$27 -> 21.232143 | C29: =C27/$J$27 -> 2.0178571 | D29: =D27/$J$27 -> 2.4166667 | E29: =E27/$J$27 -> 5 | F29: =F27/$J$27 -> 5.5952381
E34: Saint Mary's | F34: 45
E35: Idaho State | F35: 49
E36: SJSU | F36: 50
E37: Gonzaga | F37: 57
E38: Grambling | F38: 43
E39: Auburn | F39: 22
E40: Michigan State | F40: 14
E41: Alabama | F41: 33
E42: Pacific | F42: 26
E43: Stanford | F43: 3
E44: Fordham | F44: 6
E45: Temple | F45: 30
... E58: Notre Dame | F58: 7

Sheet sof
A1: Saint Mary's | B1: 18 | C1: 0.00077546296 | D1: 0.001724537 | F1: 45600 | G1: Saint Mary's (CA) | H1: 0 | I1: 1
A2: Idaho State | B2: 38 | C2: 0.0014351852 | D2: 0.0034143519 | F2: 45603 | G2: Idaho St. | H2: 0 | I2: 2
A3: Gonzaga | B3: 180 | C3: 0.0090509259 | D3: 0.04150463 | F3: 45605 | G3: San Jose St. | H3: 0 | I3: 2
A4: Grambling | B4: 3 | C4: 0.00024305556 | D4: 0.00065972222 | F4: 45616 | G4: Grambling | H4: 0 | I4: 0
A5: Stanford | B5: 51 | C5: 0.0022800926 | D5: 0.0064351852 | F5: 45639 | G5: Stanford | H5: 0 | I5: 1
A6: Temple | B6: 248 | C6: 0.012939815 | D6: 0.045868056 | F6: 45648 | G6: Temple | H6: 0 | I6: 2
A7: NC State | B7: 51 | C7: 0.0031018519 | D7: 0.010115741
A8: Florida State | B8: 97 | C8: 0.0059259259 | D8: 0.022222222
A9: Boston College | B9: 4 | C9: 1.1574074e-05 | D9: 0.019085648

Sheet zahra
A1: Saint Mary's | B1: 177 | C1: 0.0057523148 | D1: 0.015046296 | F1: 45600 | G1: Saint Mary's (CA) | H1: 1 | I1: 10 | Q1: 1 | R1: 1
A2: Idaho State | B2: 237 | C2: 0.0079976852 | D2: 0.022268519 | F2: 45603 | G2: Idaho St. | H2: 9 | I2: 13 | Q2: 4 | R2: 0
A3: SJSU | B3: 244 | C3: 0.0081828704 | D3: 0.028333333 | F3: 45605 | G3: San Jose St. | H3: 3 | I3: 14 | Q3: 0 | R3: 0
A4: Gonzaga | B4: 187 | C4: 0.0083449074 | D4: 0.042372685 | F4: 45610 | G4: Gonzaga | H4: 0 | I4: 1 | Q4: 0 | R4: 0
A5: Grambling | B5: 311 | C5: 0.0093981481 | D5: 0.031446759 | F5: 45616 | G5: Grambling | H5: 6 | I5: 14 | Q5: 3 | R5: 1
A6: Arizona | B6: 101 | C6: 0.0032291667 | D6: 0.0083564815 | F6: 45623 | G6: Arizona | H6: 2 | I6: 5 | Q6: 0 | R6: 0
A7: Pacific | B7: 35 | C7: 0.0011689815 | D7: 0.002662037 | F7: 45633 | G7: Pacific | H7: 0 | I7: 2 | Q7: 0 | R7: 0
A8: Stanford | B8: 84 | C8: 0.0028125 | D8: 0.010740741 | F8: 45639 | G8: Stanford | H8: 0 | I8: 3 | Q8: 0 | R8: 1
A9: Fordham | B9: 161 | C9: 0.0037847222 | D9: 0.011006944 | F9: 45647 | G9: Fordham | H9: 4 | I9: 9 | Q9: 0 | R9: 2
A10: Temple | B10: 465 | C10: 0.021122685 | D10: 0.057430556 | F10: 45648 | G10: Temple | H10: 5 | I10: 13 | Q10: 1 | R10: 2
A11: SMU | B11: 130 | C11: 0.004212963 | D11: 0.0098263889 | F11: 45662 | G11: SMU | H11: 2 | I11: 8 | Q11: 4 | R11: 1
A12: NC State | B12: 49 | C12: 0.0027893519 | D12: 0.010115741 | Q12: 2 | R12: 0
A13: Florida State | B13: 92 | C13: 0.0053356481 | D13: 0.023078704 | F13: 45669 | G13: Florida St. | H13: 0 | I13: 3 | Q13: 0 | R13: 0
A14: Duke | B14: 346 | C14: 0.010833333 | D14: 0.028356481 | F14: 45673 | G14: Duke | H14: 3 | I14: 18 | Q14: 2 | R14: 1
A15: Wake Forest | B15: 63 | C15: 0.002037037 | D15: 0.0053356481 | F15: 45676 | G15: Wake Forest | H15: 1 | I15: 3 | Q15: 3 | R15: 0
A16: Game | B16: 61 | C16: 0.0034953704 | D16: 0.011597222 | Q16: 1 | R16: 0
A17: Notre Dame | B17: 71 | C17: 0.0024652778 | D17: 0.0059027778 | F17: 45697 | G17: Notre Dame | H17: 0 | I17: 4 | Q17: 1 | R17: 0
A18: Boston College | B18: 58 | C18: 0.0035416667 | D18: 0.020752315 | F18: 45715 | G18: Georgia Tech | H18: 0 | I18: 2 | Q18: 0 | R18: 0
Q19: 0 | R19: 0

Sheet post scrimmage numbers
A1: player | B1: date | C1: average duration | D1: player load per min | E1: high IMA/min | F1: pl3+/min | G1: mii pl interval 1 | H1: mii pl interval 2 | I1: mii pl interval 3 | J1: total player load | K1: duration | L1: PL | M1: PL3+ | N1: high IMA | O1: high IMA
A2: Claudia Langarita | B2: 45917 | C2: 5.8 | D2: 6.15 | E2: 0.17 | F2: 0.17 | G2: 10 | H2: 22 | I2: 32 | J2: 36 | K2: =J2/D2 -> 5.8536585 | L2: =K2*D2/3 -> 12 | M2: =K2*E2/3 -> 0.33170732 | N2: =K2*E2/3 -> 0.33170732 | O2: =K2*E2 -> 0.99512195
A3: Naya Ojukwu | B3: 45917 | C3: 5.8 | D3: 9.89 | E3: 1.37 | F3: 1.89 | G3: 13 | H3: 33 | I3: 48 | J3: 58 | K3: =J3/D3 -> 5.8645096 | L3: =K3*D3/3 -> 19.333333 | M3: =K3*E3/3 -> 2.6781261 | N3: =K3*E3/3 -> 2.6781261 | O3: =K3*E3 -> 8.0343782
A4: Sakima Walker | B4: 45917 | C4: 5.8 | D4: 6.95 | E4: 1.03 | F4: 0.86 | G4: 10 | H4: 23 | I4: 35 | J4: 41 | K4: =J4/D4 -> 5.8992806 | L4: =K4*D4/3 -> 13.666667 | M4: =K4*E4/3 -> 2.0254197 | N4: =K4*E4/3 -> 2.0254197 | O4: =K4*E4 -> 6.076259
A5: Claudia Langarita | B5: 45918 | C5: 7.8 | D5: 6.3 | E5: 0.26 | F5: 0.77 | G5: 15 | H5: 33 | I5: 47 | J5: 49 | K5: =J5/D5 -> 7.7777778 | L5: =K5*D5/5 -> 9.8 | M5: =K5*E5/5 -> 0.40444444 | N5: =K5*E5/5 -> 0.40444444 | O5: =K5*E5 -> 2.0222222
A6: Sakima Walker | B6: 45918 | C6: 7.8 | D6: 7.2 | E6: 0.39 | F6: 0.9 | G6: 15 | H6: 28 | I6: 30 | J6: 56 | K6: =J6/D6 -> 7.7777778 | L6: =K6*D6/5 -> 11.2 | M6: =K6*E6/5 -> 0.60666667 | N6: =K6*E6/5 -> 0.60666667 | O6: =K6*E6 -> 3.0333333
A7: Sakima Walker | B7: 45922 | C7: 5.6 | D7: 9.25 | E7: 0.18 | F7: 0.71 | G7: 15 | H7: 37 | I7: 50 | J7: 52 | K7: =J7/D7 -> 5.6216216 | L7: =K7*D7/5 -> 10.4 | M7: =K7*E7/5 -> 0.20237838 | N7: =K7*E7/5 -> 0.20237838 | O7: =K7*E7 -> 1.0118919
A8: Claudia Langarita | B8: 45923 | C8: 7.5 | D8: 7.34 | E8: 0.27 | F8: 0.13 | G8: 12 | H8: 30 | I8: 45 | J8: 55 | K8: =J8/D8 -> 7.493188 | L8: =K8*D8/5 -> 11 | M8: =K8*E8/5 -> 0.40463215 | N8: =K8*E8/5 -> 0.40463215 | O8: =K8*E8 -> 2.0231608
A9: Sakima Walker | B9: 45923 | C9: 7.5 | D9: 6.76 | E9: 0.67 | F9: 0.27 | G9: 10 | H9: 28 | I9: 40 | J9: 51 | K9: =J9/D9 -> 7.5443787 | L9: =K9*D9/5 -> 10.2 | M9: =K9*E9/5 -> 1.0109467 | N9: =K9*E9/5 -> 1.0109467 | O9: =K9*E9 -> 5.0547337
A10: Sakima Walker | B10: 45927 | C10: 8.4 | D10: 5.89 | E10: 0.48 | F10: 0.72 | G10: 14 | H10: 30 | I10: 46 | J10: 49 | K10: =J10/D10 -> 8.3191851 | L10: =K10*D10/5 -> 9.8 | M10: =K10*E10/5 -> 0.79864177 | N10: =K10*E10/5 -> 0.79864177 | O10: =K10*E10 -> 3.9932088
A11: Claudia Langarita | B11: 45930 | C11: 7.3 | D11: 8.05 | E11: 0.82 | F11: 0.82 | G11: 13 | H11: 30 | I11: 46 | J11: 59 | K11: =J11/D11 -> 7.3291925 | L11: =K11*D11/5 -> 11.8 | M11: =K11*E11/5 -> 1.2019876 | N11: =K11*E11/5 -> 1.2019876 | O11: =K11*E11 -> 6.0099379
A12: Naya Ojukwu | B12: 45930 | C12: 7.3 | D12: 9.65 | E12: 1.23 | F12: 1.5 | G12: 15 | H12: 33 | I12: 52 | J12: 71 | K12: =J12/D12 -> 7.357513 | L12: =K12*D12/5 -> 14.2 | M12: =K12*E12/5 -> 1.8099482 | N12: =K12*E12/5 -> 1.8099482 | O12: =K12*E12 -> 9.0497409
A13: Sakima Walker | B13: 45930 | C13: 7.3 | D13: 7.7 | E13: 1.36 | F13: 0.27 | G13: 12 | H13: 28 | I13: 43 | J13: 56 | K13: =J13/D13 -> 7.2727273 | L13: =K13*D13/5 -> 11.2 | M13: =K13*E13/5 -> 1.9781818 | N13: =K13*E13/5 -> 1.9781818 | O13: =K13*E13 -> 9.8909091
A14: Sakima Walker | B14: 45931 | C14: 7.6 | D14: 8.84 | E14: 0.39 | F14: 0.92 | G14: 17 | H14: 35 | I14: 48 | J14: 68 | K14: =J14/D14 -> 7.6923077 | L14: =K14*D14/5 -> 13.6 | M14: =K14*E14/5 -> 0.6 | N14: =K14*E14/5 -> 0.6 | O14: =K14*E14 -> 3
A15: Claudia Langarita | B15: 45938 | C15: 3.9 | D15: 8.58 | E15: 0.77 | F15: 0.26 | G15: 14 | H15: 29 | I15: n/a | J15: 33 | K15: =J15/D15 -> 3.8461538 | L15: =K15*D15/3 -> 11 | M15: =K15*E15/3 -> 0.98717949 | N15: =K15*E15/3 -> 0.98717949 | O15: =K15*E15 -> 2.9615385
A16: Naya Ojukwu | B16: 45938 | C16: 3.9 | D16: 10.17 | E16: 1.54 | F16: 1.03 | G16: 13 | H16: 32 | I16: n/a | J16: 40 | K16: =J16/D16 -> 3.9331367 | L16: =K16*D16/3 -> 13.333333 | M16: =K16*E16/3 -> 2.0190102 | N16: =K16*E16/3 -> 2.0190102 | O16: =K16*E16 -> 6.0570305
A17: Sakima Walker | B17: 45938 | C17: 3.9 | D17: 9.53 | E17: 0.51 | F17: 0.77 | G17: 14 | H17: 32 | I17: n/a | J17: 37 | K17: =J17/D17 -> 3.8824764 | L17: =K17*D17/3 -> 12.333333 | M17: =K17*E17/3 -> 0.66002099 | N17: =K17*E17/3 -> 0.66002099 | O17: =K17*E17 -> 1.980063
I21: in the past week
B22: using avg pl/min | D22: using mii pl interval 1 | F22: using PL/5min | G22: using PL3+/5min | H22: using highIMA/5min | I22: highest PL (prac) | J22: highest PL3+ (prac) | K22: highest highIMA (prac)
B23: avg PL/min | C23: 40 min game | D23: avg pl/min | E23: 40 min game
A24: claudia langarita | B24: =AVERAGEIF(A2:A17,A24,D2:D17) -> 7.284 | C24: =B24*40 -> 291.36 | D24: =AVERAGEIF(A2:A17,A24,G2:G17) -> 12.8 | E24: =D24*40 -> 512 | F24: =AVERAGEIF(A2:A17,A24,L2:L17) -> 11.12 | G24: =AVERAGEIF(A2:A17,A24,M2:M17) -> 0.6659902 | H24: =AVERAGEIF(A2:A17,A24,N2:N17) -> 0.6659902 | I24: 503 | J24: 29 | K24: 21
A25: naya ojukwu | B25: =AVERAGEIF(A2:A17,A25,D2:D17) -> 9.9033333 | C25: =B25*40 -> 396.13333 | D25: =AVERAGEIF(A2:A17,A25,G2:G17) -> 13.666667 | E25: =D25*40 -> 546.66667 | F25: =AVERAGEIF(A2:A17,A25,L2:L17) -> 15.622222 | G25: =AVERAGEIF(A3:A18,A25,M3:M18) -> 2.1690281 | H25: =AVERAGEIF(A3:A18,A25,N3:N18) -> 2.1690281 | I25: 621 | J25: 85 | K25: 95
A26: sakima walker | B26: =AVERAGEIF(A2:A17,A26,D2:D17) -> 7.765 | C26: =B26*40 -> 310.6 | D26: =AVERAGEIF(A2:A17,A26,G2:G17) -> 13.375 | E26: =D26*40 -> 535 | F26: =AVERAGEIF(A2:A17,A26,L2:L17) -> 11.55 | G26: =AVERAGEIF(A4:A19,A26,M4:M19) -> 0.985282 | H26: =AVERAGEIF(A4:A19,A26,N4:N19) -> 0.985282 | I26: 582 | J26: 73 | K26: 52
B28: recommended threshold based on practice | F28: in game PL (pred) | J28: in game PL (real)
B29: mins | C29: (based on PL3+) | D29: (based on highIMA) | F29: q1 | G29: q2 | H29: q3 | I29: q4 | J29: warmup | K29: q1 | L29: q2 (cumm) | M29: q3 (cumm) | N29: q4 (cumm)
A30: clau | B30: =(I24-200)/F24 -> 27.248201 | C30: =J24/G24 -> 43.544185 | D30: =K24/H24 -> 31.531996 | F30: =291/4 -> 72.75 | G30: =F30*2 -> 145.5 | H30: =F30*3 -> 218.25 | I30: =F30*4 -> 291 | J30: 139 | K30: 59 | L30: 43 | M30: 97 | O30: =SUM(K30:M30) -> 199
A31: naya | B31: =(I25-200)/F25 -> 26.948791 | C31: =J25/G25 -> 39.188058 | D31: =K25/H25 -> 43.798418 | F31: =396/4 -> 99 | G31: =F31*2 -> 198 | H31: =F31*3 -> 297 | I31: =F31*4 -> 396 | J31: 129 | K31: 72 | L31: 76 | M31: 40 | O31: =SUM(K31:M31) -> 188
A32: kima | B32: =(I26-200)/F26 -> 33.073593 | C32: =J26/G26 -> 74.090463 | D32: =K26/H26 -> 52.776768 | F32: =310/4 -> 77.5 | G32: =F32*2 -> 155 | H32: =F32*3 -> 232.5 | I32: =F32*4 -> 310 | J32: 132 | K32: 59 | L32: 87 | M32: 71 | O32: =SUM(K32:M32) -> 217
A37: Naya Ojukwu | B37: 45927 | C37: 8.4 | D37: 3 | E37: 0 | F37: 0.36 | G37: 13 | H37: 20 | I37: 22 | J37: 25 | K37: =J37/D37 -> 8.3333333

Sheet gamemins_west
A1: barnes | C1: donez | E1: johnson | G1: twidale | I1: mccallop | K1: ojukwu
A2: time in | B2: time out | C2: time in | D2: time out | E2: time in | F2: time out | G2: time in | H2: time out | I2: time in | J2: time out | K2: time in | L2: time out
A3: 0.79180556 | B3: 0.79559028 | C3: 0.79556713 | D3: 0.79690972 | E3: 0.80518519 | F3: 0.8071412 | G3: 0.79180556 | H3: 0.79690972 | I3: 0.80138889 | J3: 0.80230324 | K3: 0.80138889 | L3: 0.80230324
A4: 0.80957176 | B4: 0.81571759 | C4: 0.79851852 | D4: 0.80230324 | E4: 0.80857639 | F4: 0.81265046 | G4: 0.79851852 | H4: 0.80138889 | I4: 0.8040162 | J4: 0.8071412 | K4: 0.8040162 | L4: 0.806875
A5: 0.82670139 | B5: 0.83228009 | C5: 0.8040162 | D5: 0.806875 | E5: 0.83655093 | F5: 0.83768519 | G5: 0.806875 | H5: 0.8071412 | I5: 0.80857639 | J5: 0.81013889 | K5: 0.84027778 | L5: 0.84185185
A6: 0.83380787 | B6: 0.83655093 | C6: 0.81265046 | D6: 0.81571759 | E6: 0.83957176 | F6: 0.84185185 | G6: 0.80857639 | H6: 0.81571759 | I6: 0.83380787 | J6: 0.83768519
C7: 0.82962963 | D7: 0.83228009 | G7: 0.82670139 | H7: 0.83228009 | I7: 0.83957176 | J7: 0.84185185
C8: 0.83380787 | D8: 0.83655093 | G8: 0.83380787 | H8: 0.83768519
G9: 0.83957176 | H9: 0.84027778
A13: total: | B13: =(B3-A3)+B4-A4+B5-A5+B6-A6+B7-A7+B8-A8+B9-A9+B10-A10+B11-A11+B12-A12 -> 0.018252315 | C13: total: | D13: =(D3-C3)+D4-C4+D5-C5+D6-C6+D7-C7+D8-C8+D9-C9+D10-C10+D11-C11+D12-C12 -> 0.016446759 | E13: total: | F13: =(F3-E3)+F4-E4+F5-E5+F6-E6+F7-E7+F8-E8+F9-E9+F10-E10+F11-E11+F12-E12 -> 0.0094444444 | G13: total: | H13: =(H3-G3)+H4-G4+H5-G5+H6-G6+H7-G7+H8-G8+H9-G9+H10-G10+H11-G11+H12-G12 -> 0.025543981 | I13: total: | J13: =(J3-I3)+J4-I4+J5-I5+J6-I6+J7-I7+J8-I8+J9-I9+J10-I10+J11-I11+J12-I12 -> 0.011759259 | K13: total: | L13: =(L3-K3)+L4-K4+L5-K5+L6-K6+L7-K7+L8-K8+L9-K9+L10-K10+L11-K11+L12-K12 -> 0.0053472222
A14: maul | C14: langarita | E14: drosouni | G14: morris | I14: walker | K14: bowes
A15: time in | B15: time out | C15: time in | D15: time out | E15: time in | F15: time out | G15: time in | H15: time out | I15: time in | J15: time out | K15: time in | L15: time out
A16: 0.79180556 | B16: 0.79690972 | C16: 0.79851852 | D16: 0.80138889 | E16: 0.79851852 | F16: 0.80230324 | G16: 0.79180556 | H16: 0.79690972 | I16: 0.79180556 | J16: 0.79559028
A17: 0.8040162 | B17: 0.8071412 | C17: 0.83380787 | D17: 0.83768519 | E17: 0.83655093 | F17: 0.83768519 | G17: 0.79851852 | H17: 0.80230324 | I17: 0.79556713 | J17: 0.79690972
A18: 0.80857639 | B18: 0.80957176 | C18: 0.83957176 | D18: 0.84185185 | E18: 0.83957176 | F18: 0.84185185 | G18: 0.8040162 | H18: 0.80518519 | I18: 0.806875 | J18: 0.8071412
A19: 0.82670139 | B19: 0.82962963 | G19: 0.81013889 | H19: 0.81571759 | I19: 0.80857639 | J19: 0.81571759
G20: 0.82670139 | H20: 0.83228009 | I20: 0.82670139 | J20: 0.83228009
A25: total: | B25: =B16-A16+B17-A17+B18-A18+B19-A19+B20-A20+B24-A24+B21-A21+B22-A22+B23-A23 -> 0.012152778 | C25: total: | D25: =D16-C16+D17-C17+D18-C18+D19-C19+D20-C20+D24-C24+D21-C21+D22-C22+D23-C23 -> 0.0090277778 | E25: total: | F25: =F16-E16+F17-E17+F18-E18+F19-E19+F20-E20+F24-E24+F21-E21+F22-E22+F23-E23 -> 0.0071990741 | G25: total: | H25: =H16-G16+H17-G17+H18-G18+H19-G19+H20-G20+H24-G24+H21-G21+H22-G22+H23-G23 -> 0.021215278 | I25: total: | J25: =J16-I16+J17-I17+J18-I18+J19-I19+J20-I20+J24-I24+J21-I21+J22-I22+J23-I23 -> 0.018113426 | K25: total: | L25: =L16-K16+L17-K17+L18-K18+L19-K19+L20-K20+L24-K24+L21-K21+L22-K22+L23-K23 -> 0
A29: player | B29: warmup | C29: q1 | D29: q2 | E29: half total | F29: q3 | G29: pre fourth total | H29: q4 | I29: total
A30: barnes | B30: 181 | C30: 58 | D30: 87 | E30: =SUM(C30:D30) -> 145 | F30: 111 | G30: =SUM(E30:F30) -> 256 | I30: =SUM(G30:H30) -> 256
A31: donez | B31: 167 | C31: 87 | D31: 87 | E31: =SUM(C31:D31) -> 174 | F31: 74 | G31: =SUM(E31:F31) -> 248 | I31: =SUM(G31:H31) -> 248
A32: johnson | B32: 186 | D32: 118 | E32: =SUM(C32:D32) -> 118 | F32: 62 | G32: =SUM(E32:F32) -> 180 | I32: =SUM(G32:H32) -> 180
A33: twidale | B33: 161 | C33: 129 | D33: 108 | E33: =SUM(C33:D33) -> 237 | F33: 140 | G33: =SUM(E33:F33) -> 377 | I33: =SUM(G33:H33) -> 377
A34: mccallop | B34: 184 | C34: 17 | D34: 80 | E34: =SUM(C34:D34) -> 97 | F34: 97 | G34: =SUM(E34:F34) -> 194 | I34: =SUM(G34:H34) -> 194
A35: ojukwu | B35: 168 | C35: 15 | D35: 42 | E35: =SUM(C35:D35) -> 57 | F35: 20 | G35: =SUM(E35:F35) -> 77 | I35: =SUM(G35:H35) -> 77
A36: maul | B36: 193 | C36: 102 | D36: 73 | E36: =SUM(C36:D36) -> 175 | F36: 47 | G36: =SUM(E36:F36) -> 222 | I36: =SUM(G36:H36) -> 222
A37: langarita | B37: 151 | C37: 73 | E37: =SUM(C37:D37) -> 73 | F37: 69 | G37: =SUM(E37:F37) -> 142 | I37: =SUM(G37:H37) -> 142
A38: drosouni | B38: 219 | C38: 83 | E38: =SUM(C38:D38) -> 83 | F38: 64 | G38: =SUM(E38:F38) -> 147 | I38: =SUM(G38:H38) -> 147
A39: morris | B39: 151 | C39: 166 | D39: 107 | E39: =SUM(C39:D39) -> 273 | F39: 86 | G39: =SUM(E39:F39) -> 359 | I39: =SUM(G39:H39) -> 359
A40: walker | B40: 174 | C40: 59 | D40: 98 | E40: =SUM(C40:D40) -> 157 | F40: 64 | G40: =SUM(E40:F40) -> 221 | I40: =SUM(G40:H40) -> 221
A41: bowes | B41: 176 | E41: =SUM(C41:D41) -> 0 | G41: =SUM(E41:F41) -> 0 | I41: =SUM(G41:H41) -> 0

Sheet gamemins_sac
A1: barnes | C1: donez | E1: johnson | G1: twidale | I1: mccallop | K1: ojukwu
A2: time in | C2: time in | D2: time out | E2: time in | F2: time out | G2: time in | H2: time out | I2: time in | J2: time out | K2: time in | L2: time out
A3: 0.36877315 | C3: 0.3625 | G3: 0.36877315
A4: 0.13829861 | E4: 0.09375 | G4: 0.36278935 | K4: 0.30694444
A6: 0.13680556 | C6: 0.13680556 | G6: 0.16388889
A7: 0.31666667 | C7: 0.15277778 | G7: 0.13958333
A8: 0.37986111 | C8: 0.23958333
A10: 0.3625 | C10: 0.2875 | G10: 0.3625
A11: 0.39791667 | G11: 0.12638889
A17: total: | C17: total: | D17: =SUM(D3:D16)-SUM(C3:C16) -> -1.1791667 | E17: total: | F17: =SUM(F3:F16)-SUM(E3:E16) -> -0.09375 | G17: total: | H17: =SUM(H3:H16)-SUM(G3:G16) -> -1.5239236 | I17: total: | J17: =SUM(J3:J16)-SUM(I3:I16) -> 0 | K17: total: | L17: =SUM(L3:L16)-SUM(K3:K16) -> -0.30694444
A18: maul | C18: langarita | E18: drosouni | G18: morris | I18: walker | K18: sheppard
A19: time in | B19: time out | C19: time in | D19: time out | E19: time in | F19: time out | G19: time in | H19: time out | I19: time in | J19: time out | K19: time in | L19: time out
A20: 0.22430556 | C20: 0.3625 | G20: 0.36877315 | I20: 0.36877315 | K20: 0.36877315
G21: 0.18849537 | K21: 0.17475694
A22: 0.13680556 | C22: 0.13680556 | I22: 0.20625
A23: 0.31666667 | C23: 0.10972222 | G23: 0.20416667 | K23: 0.13680556
A24: 0.28541667 | C24: 0.072222222 | G24: 0.13958333 | K24: 0.1125
K25: 0.23958333
A27: 0.27152778 | C27: 0.089583333 | G27: 0.3625 | I27: 0.27291667 | K27: 0.3625
C28: 0.19097222 | G28: 0.11041667 | I28: 0.20694444 | K28: 0.39791667
A34: total: | B34: =SUM(B20:B33)-SUM(A20:A33) -> -1.2347222 | C34: total: | D34: =SUM(D20:D33)-SUM(C20:C33) -> -0.96180556 | E34: total: | F34: =SUM(F20:F33)-SUM(E20:E33) -> 0 | G34: total: | H34: =SUM(H20:H33)-SUM(G20:G33) -> -1.3739352 | I34: total: | J34: =SUM(J20:J33)-SUM(I20:I33) -> -1.0548843 | K34: total: | L34: =SUM(L20:L33)-SUM(K20:K33) -> -1.7928356
A38: player | B38: mins | C38: total PL | D38: high PL | E38: threshold % | F38: player | G38: mins | H38: total PL | I38: high PL | J38: threshold % | K38: player | L38: mins | M38: total PL | N38: high PL | O38: threshold % | P38: player | Q38: mins | R38: total PL | S38: high PL | T38: threshold % | V38: warmup | W38: total PL | X38: high PL | Y38: threshold %
A39: mjracle | B39: =SUM(K20:K21) -> 0.54353009 | C39: 142 | D39: 11 | E39: =C39/750*100 -> 18.933333 | F39: mjracle | G39: =SUM(K20:K21) -> 0.54353009 | H39: 122 | I39: 33 | J39: =H39/750*100 -> 16.266667 | K39: mjracle | L39: =SUM(K27:K29) -> 0.76041667 | M39: 181 | N39: 38 | O39: 24 | P39: mjracle | V39: mjracle | W39: 157 | X39: 1 | Y39: 21
A40: barnes | B40: =SUM(A3:A4) -> 0.50707176 | C40: 113 | D40: 9.3 | E40: 16 | F40: barnes | G40: =SUM(A6:A8) -> 0.83333333 | H40: 151 | I40: 12 | J40: 21 | K40: barnes | L40: =SUM(A10:A12) -> 0.76041667 | M40: 142 | N40: 8 | O40: 20 | P40: barnes | V40: barnes | W40: 173 | X40: 0 | Y40: 24
A41: donez | B41: =SUM(C3) -> 0.3625 | C41: 80 | D41: 9.2 | E41: 11 | F41: donez | G41: =SUM(C6:C8) -> 0.52916667 | H41: 115 | I41: 21 | J41: 15 | K41: donez | L41: =SUM(C10:C12) -> 0.2875 | M41: 59 | N41: 10 | O41: 8 | P41: donez | V41: donez | W41: 169 | X41: 2 | Y41: 23
A42: johnson | F42: johnson | G42: =E4 -> 0.09375 | H42: 25 | I42: 8 | J42: 4 | K42: johnson | L42: =SUM(E10:E12) -> 0 | P42: johnson | V42: johnson | W42: 170 | X42: 3 | Y42: 24
A43: twidale | B43: =SUM(G3:G4) -> 0.7315625 | C43: 158 | D43: 27 | E43: 20 | F43: twidale | G43: =SUM(G6:G7) -> 0.30347222 | H43: 68 | I43: 15 | J43: 8 | K43: twidale | L43: =SUM(G10:G12) -> 0.48888889 | M43: 102 | N43: 21 | O43: 13 | P43: twidale | V43: twidale | W43: 189 | X43: 7 | Y43: 24
A44: mccallop | F44: mccallop | K44: mccallop | P44: mccallop | V44: mccallop
A45: ojukwu | F45: ojukwu | G45: =K4 -> 0.30694444 | H45: 57 | I45: 10 | J45: 9 | K45: ojukwu | L45: =SUM(K10:K12) -> 0 | P45: ojukwu | V45: ojukwu | W45: 138 | X45: 0 | Y45: 22
A46: maul | B46: =SUM(A20) -> 0.22430556 | C46: 52 | D46: 8 | E46: 6 | F46: maul | G46: =SUM(A22:A24) -> 0.73888889 | H46: 186 | I46: 42 | J46: 23 | K46: maul | L46: =SUM(A27:A29) -> 0.27152778 | M46: 63 | N46: 13 | O46: 8 | P46: maul | V46: maul | W46: 188 | X46: 10 | Y46: 23
A47: langarita | B47: =C20 -> 0.3625 | C47: 61 | D47: 4 | E47: 12 | F47: langarita | G47: =SUM(C22:C24) -> 0.31875 | H47: 65 | I47: 4 | J47: 13 | K47: langarita | L47: =SUM(C27:C29) -> 0.28055556 | M47: 48 | N47: 4 | O47: 10 | P47: langarita | V47: langarita | W47: 120 | X47: 0 | Y47: 24
A48: drosouni | F48: drosouni | K48: drosouni | L48: =SUM(E27:E29) -> 0 | P48: drosouni | V48: drosouni | W48: 215 | X48: 26 | Y48: 29
A49: morris | B49: =SUM(G20:G21) -> 0.55726852 | C49: 158 | D49: 35 | E49: 20 | F49: morris | G49: =SUM(G23:G24) -> 0.34375 | H49: 95 | I49: 23 | J49: 12 | K49: morris | L49: =SUM(G27:G29) -> 0.47291667 | M49: 118 | N49: 26 | O49: 15 | P49: morris | V49: morris | W49: 180 | X49: 3 | Y49: 22
A50: walker | B50: =SUM(I20) -> 0.36877315 | C50: 84 | D50: 16 | E50: 14 | F50: walker | G50: =I22 -> 0.20625 | H50: 34 | I50: 34 | J50: 6 | K50: walker | L50: =SUM(I27:I29) -> 0.47986111 | M50: 96 | N50: 14 | O50: 17 | P50: walker | V50: walker | W50: 131 | X50: 3 | Y50: 23
A51: bowes | F51: bowes | K51: bowes | P51: bowes | V51: bowes | W51: 173 | X51: 4 | Y51: 24
A52: TOTALS | C52: =SUM(C39:C51) -> 848 | D52: =SUM(D39:D51) -> 119.5 | E52: =SUM(E39:E51) -> 117.93333 | F52: TOTALS | H52: =SUM(H39:H51) -> 918 | I52: =SUM(I39:I51) -> 202 | J52: =SUM(J39:J51) -> 127.26667 | K52: TOTALS | M52: =SUM(M39:M51) -> 809 | N52: =SUM(N39:N51) -> 134 | O52: =SUM(O39:O51) -> 115 | P52: TOTALS | R52: =SUM(R39:R51) -> 0 | S52: =SUM(S39:S51) -> 0
A55: player | B55: mins | C55: total PL | D55: high PL | E55: threshold % | G55: player | H55: mins | I55: total PL | J55: high PL | K55: threshold %
A56: mjracle | B56: =B39+G39 -> 1.0870602 | C56: =C39+H39 -> 264 | D56: =D39+I39+X39 -> 45 | E56: =SUM(E39,J39)+Y39 -> 56.2 | G56: mjracle | H56: =SUM(B39,G39,L39,Q39) -> 1.8474769 | I56: =SUM(H39,M39,R39,C39) -> 445 | J56: =SUM(D39,I39,N39,S39) -> 82 | K56: =SUM(E39,J39,O39,T39) -> 59.2
A57: barnes | B57: =B40+G40 -> 1.3404051 | C57: =C40+H40 -> 264 | D57: =D40+I40+X40 -> 21.3 | E57: =SUM(E40,J40)+Y40 -> 61 | G57: barnes | H57: =SUM(B40,G40,L40,Q40) -> 2.1008218 | I57: =SUM(H40,M40,R40,C40) -> 406 | J57: =SUM(D40,I40,N40,S40) -> 29.3 | K57: =SUM(E40,J40,O40,T40) -> 57
A58: donez | B58: =B41+G41 -> 0.89166667 | C58: =C41+H41 -> 195 | D58: =D41+I41+X41 -> 32.2 | E58: =SUM(E41,J41)+Y41 -> 49 | G58: donez | H58: =SUM(B41,G41,L41,Q41) -> 1.1791667 | I58: =SUM(H41,M41,R41,C41) -> 254 | J58: =SUM(D41,I41,N41,S41) -> 40.2 | K58: =SUM(E41,J41,O41,T41) -> 34
A59: johnson | B59: =B42+G42 -> 0.09375 | C59: =C42+H42 -> 25 | D59: =D42+I42+X42 -> 11 | E59: =SUM(E42,J42)+Y42 -> 28 | G59: johnson | H59: =SUM(B42,G42,L42,Q42) -> 0.09375 | I59: =SUM(H42,M43,R42,C42) -> 127 | J59: =SUM(D42,I42,N42,S42) -> 8 | K59: =SUM(E42,J42,O43,T42) -> 17
A60: twidale | B60: =B43+G43 -> 1.0350347 | C60: =C43+H43 -> 226 | D60: =D43+I43+X43 -> 49 | E60: =SUM(E43,J43)+Y43 -> 52 | G60: twidale | H60: =SUM(B43,G43,L43,Q43) -> 1.5239236 | I60: =SUM(H43,M46,R43,C43) -> 289 | J60: =SUM(D43,I43,N43,S43) -> 63 | K60: =SUM(E43,J43,O46,T43) -> 36
A61: mccallop | B61: =B44+G44 -> 0 | C61: =C44+H44 -> 0 | D61: =D44+I44+X44 -> 0 | E61: =SUM(E44,J44)+Y44 -> 0 | G61: mccallop | H61: =SUM(B44,G44,L44,Q44) -> 0 | I61: =SUM(H44,M47,R44,C44) -> 48 | J61: =SUM(D44,I44,N44,S44) -> 0 | K61: =SUM(E44,J44,O47,T44) -> 10
A62: ojukwu | B62: =B45+G45 -> 0.30694444 | C62: =C45+H45 -> 57 | D62: =D45+I45+X45 -> 10 | E62: =SUM(E45,J45)+Y45 -> 31 | G62: ojukwu | H62: =SUM(B45,G45,L45,Q45) -> 0.30694444 | I62: =SUM(H45,M49,R45,C45) -> 175 | J62: =SUM(D45,I45,N45,S45) -> 10 | K62: =SUM(E45,J45,O49,T45) -> 24
A63: maul | B63: =B46+G46 -> 0.96319444 | C63: =C46+H46 -> 238 | D63: =D46+I46+X46 -> 60 | E63: =SUM(E46,J46)+Y46 -> 52 | G63: maul | H63: =SUM(B46,G46,L46,Q46) -> 1.2347222 | I63: =SUM(H46,M50,R46,C46) -> 334 | J63: =SUM(D46,I46,N46,S46) -> 63 | K63: =SUM(E46,J46,O50,T46) -> 46
A64: langarita | B64: =B47+G47 -> 0.68125 | C64: =C47+H47 -> 126 | D64: =D47+I47+X47 -> 8 | E64: =SUM(E47,J47)+Y47 -> 49 | G64: langarita | H64: =SUM(B47,G47,L47,Q47) -> 0.96180556 | I64: =SUM(H47,#REF!,R47,C47) -> #REF! | J64: =SUM(D47,I47,N47,S47) -> 12 | K64: =SUM(E47,J47,#REF!,T47) -> #REF!
A65: drosouni | B65: =B48+G48 -> 0 | C65: =C48+H48 -> 0 | D65: =D48+I48+X48 -> 26 | E65: =SUM(E48,J48)+Y48 -> 29 | G65: drosouni | H65: =SUM(B48,G48,L48,Q48) -> 0 | I65: =SUM(H48,#REF!,R48,C48) -> #REF! | J65: =SUM(D48,I48,N48,S48) -> 0 | K65: =SUM(E48,J48,#REF!,T48) -> #REF!
A66: morris | B66: =B49+G49 -> 0.90101852 | C66: =C49+H49 -> 253 | D66: =D49+I49+X49 -> 61 | E66: =SUM(E49,J49)+Y49 -> 54 | G66: morris | H66: =SUM(B49,G49,L49,Q49) -> 1.3739352 | I66: =SUM(H49,#REF!,R49,C49) -> #REF! | J66: =SUM(D49,I49,N49,S49) -> 84 | K66: =SUM(E49,J49,#REF!,T49) -> #REF!
A67: walker | B67: =B50+G50 -> 0.57502315 | C67: =C50+H50 -> 118 | D67: =D50+I50+X50 -> 53 | E67: =SUM(E50,J50)+Y50 -> 43 | G67: walker | H67: =SUM(B50,G50,L50,Q50) -> 1.0548843 | I67: =SUM(H50,#REF!,R50,C50) -> #REF! | J67: =SUM(D50,I50,N50,S50) -> 64 | K67: =SUM(E50,J50,#REF!,T50) -> #REF!
A68: bowes | B68: =B51+G51 -> 0 | C68: =C51+H51 -> 0 | D68: =D51+I51+X51 -> 4 | E68: =SUM(E51,J51)+Y51 -> 24 | G68: bowes | H68: =SUM(B51,G51,L51,Q51) -> 0 | I68: =SUM(H51,M51,R51,C51) -> 0 | J68: =SUM(D51,I51,N51,S51) -> 0 | K68: =SUM(E51,J51,O51,T51) -> 0
A69: TOTALS | B69: =B52+G52 -> 0 | C69: =C52+H52 -> 1766 | D69: =D52+I52+X52 -> 321.5 | E69: =SUM(E52,J52)+X52 -> 245.2 | G69: TOTALS | H69: =SUM(B52,G52,L52,Q52) -> 0 | I69: =SUM(H52,M52,R52,C52) -> 2575 | J69: =SUM(D52,I52,N52,S52) -> 455.5 | K69: =SUM(E52,J52,O52,T52) -> 360.2

Sheet gamemins_pac
B1: mjracle | C1: barnes | D1: donez | E1: johnson | F1: twidale | G1: mccallop | H1: ojukwu | I1: maul | J1: langarita | K1: drosouni | L1: morris | M1: walker | N1: bowes
A2: quarter | B2: time in | C2: time in | D2: time in | E2: time in | F2: time in | G2: time in | H2: time in | I2: time in | J2: time in | K2: time in | L2: time in | M2: time in | N2: time in
A3: 1 | C3: 0.31180556 | D3: 0.31180556 | F3: 0.31180556 | G3: 0.19652778 | H3: 0.15138889 | I3: 0.40416667 | J3: 0.30486111 | L3: 0.31180556 | M3: 0.31180556
D4: 0.31319444 | F4: 0.10833333 | L4: 0.31527778 | M4: 0.054861111
F5: 0.19930556
A7: 2 | C7: 0.20486111 | D7: 0.16736111 | E7: 0.20486111 | F7: 0.37291667 | G7: 0.15694444 | H7: 0.14236111 | I7: 0.16736111 | J7: 0.18194444 | L7: 0.37291667 | M7: 0.19027778
C8: 0.39930556 | D8: 0.39930556 | E8: 0.14236111 | F8: 0.39930556 | L8: 0.099305556 | M8: 0.25694444
A11: 3 | B11: 0.1125 | C11: 0.42430556 | D11: 0.14236111 | F11: 0.42430556 | I11: 0.28125 | J11: 0.10347222 | K11: 0.10347222 | L11: 0.31111111 | M11: 0.42430556
B12: 0.10347222 | C12: 0.10347222 | F12: 0.0875 | I12: 0.0875 | J12: 0.0875
B13: 0.0875 | C13: 0.0875 | F13: 0.42430556
A15: 4 | B15: 0.28263889 | C15: 0.43402778 | D15: 0.15069444 | F15: 0.3375 | H15: 0.32013889 | I15: 0.43402778 | J15: 0.24444444 | M15: 0.18888889
B16: 0.32013889 | C16: 0.32013889 | D16: 0.095833333 | F16: 0.077777778 | H16: 0.039583333 | I16: 0.24236111
B17: 0.039583333 | C17: 0.039583333 | D17: 0.32013889 | F17: 0.04375 | H17: 0.04375
B18: 0.04375 | C18: 0.027083333 | D18: 0.039583333 | F18: 0.039583333 | H18: 0.039583333
B19: 0.039583333 | C19: 0.04375 | D19: 0.04375 | F19: 0.027083333 | H19: 0.027083333
B20: 0.027083333 | D20: 0.039583333
D21: 0.027083333
A23: player | B23: total PL | C23: high PL | D23: tPL % | E23: hPL % | G23: player | H23: mins | I23: total PL | J23: high PL | K23: tPL % | L23: hPL % | N23: player | O23: mins | P23: total PL | Q23: high PL | R23: tPL % | S23: hPL % | U23: player | V23: mins | W23: total PL | X23: high PL | Y23: tPL % | Z23: hPL %
A24: mjracle | B24: 111 | C24: 1 | D24: 0.15 | E24: 0 | G24: mjracle | H24: =SUM(B3:B6) -> 0 | I24: 0 | J24: 0 | K24: =I24/750 -> 0 | L24: =J24/200 -> 0 | N24: mjracle | O24: =SUM(B7:B10) -> 0 | R24: =P24/750 -> 0 | S24: =Q24/200 -> 0 | U24: mjracle | V24: =SUM(B11:B14) -> 0.30347222 | W24: 92 | X24: 21 | Y24: =W24/750 -> 0.12266667 | Z24: =X24/200 -> 0.105
A25: barnes | B25: 117 | C25: 0 | D25: 0.16 | E25: 0 | G25: barnes | H25: =SUM(C3:C6) -> 0.31180556 | I25: 172 | J25: 10 | K25: =I25/720 -> 0.23888889 | L25: =J25/65 -> 0.15384615 | N25: barnes | O25: =SUM(C7:C10) -> 0.60416667 | P25: 115 | Q25: 9 | R25: =P25/720 -> 0.15972222 | S25: =Q25/65 -> 0.13846154 | U25: barnes | V25: =SUM(C11:C14) -> 0.61527778 | W25: 130 | X25: 6 | Y25: =W25/720 -> 0.18055556 | Z25: =X25/65 -> 0.092307692
A26: donez | B26: 103 | C26: 1 | D26: 0.14 | E26: 0 | G26: donez | H26: =SUM($D3:$D6) -> 0.625 | I26: 142 | J26: 26 | K26: =I26/750 -> 0.18933333 | L26: =J26/185 -> 0.14054054 | N26: donez | O26: =SUM(D7:D10) -> 0.56666667 | P26: 133 | Q26: 16 | R26: =P26/750 -> 0.17733333 | S26: =Q26/185 -> 0.086486486 | U26: donez | V26: =SUM(D11:D14) -> 0.14236111 | W26: 29 | X26: 2 | Y26: =W26/750 -> 0.038666667 | Z26: =X26/185 -> 0.010810811
A27: johnson | B27: 120 | C27: 2 | D27: 0.17 | E27: 0 | G27: johnson | H27: =SUM(E3:E6) -> 0 | I27: 0 | J27: 0 | K27: =I27/700 -> 0 | L27: =J27/220 -> 0 | N27: johnson | O27: =SUM(E7:E10) -> 0.34722222 | P27: 97 | Q27: 29 | R27: =P27/700 -> 0.13857143 | S27: =Q27/220 -> 0.13181818 | U27: johnson | V27: =SUM(E11:E14) -> 0 | Y27: =W27/700 -> 0 | Z27: =X27/220 -> 0
A28: twidale | B28: 100 | C28: 2 | D28: 0.12 | E28: 0 | G28: twidale | H28: =SUM(F3:F6) -> 0.61944444 | I28: 141 | J28: 18 | K28: =I28/800 -> 0.17625 | L28: =J28/220 -> 0.081818182 | N28: twidale | O28: =SUM(F7:F10) -> 0.77222222 | P28: 174 | Q28: 36 | R28: =P28/800 -> 0.2175 | S28: =Q28/220 -> 0.16363636 | U28: twidale | V28: =SUM(F11:F14) -> 0.93611111 | W28: 150 | X28: 28 | Y28: =W28/800 -> 0.1875 | Z28: =X28/220 -> 0.12727273
A29: mccallop | B29: 116 | C29: 1 | D29: 0.14 | E29: 0 | G29: mccallop | H29: =SUM(G3:G6) -> 0.19652778 | I29: 56 | J29: 15 | K29: =I29/820 -> 0.068292683 | L29: =J29/240 -> 0.0625 | N29: mccallop | O29: =SUM(G7:G10) -> 0.15694444 | P29: 40 | Q29: 6 | R29: =P29/820 -> 0.048780488 | S29: =Q29/240 -> 0.025 | U29: mccallop | V29: =SUM(G11:G14) -> 0 | Y29: =W29/820 -> 0 | Z29: =X29/240 -> 0
A30: ojukwu | B30: 103 | C30: 0 | D30: 0.17 | E30: 0 | G30: ojukwu | H30: =SUM(H3:H6) -> 0.15138889 | I30: 35 | J30: 7 | K30: =I30/620 -> 0.056451613 | L30: =J30/90 -> 0.077777778 | N30: ojukwu | O30: =SUM(H7:H10) -> 0.14236111 | P30: 38 | Q30: 11 | R30: =P30/620 -> 0.061290323 | S30: =Q30/90 -> 0.12222222 | U30: ojukwu | V30: =SUM(H11:H14) -> 0 | Y30: =W30/620 -> 0 | Z30: =X30/90 -> 0
A31: maul | B31: 142 | C31: 10 | D31: 0.17 | E31: 0.05 | G31: maul | H31: =SUM(I3:I6) -> 0.40416667 | I31: 89 | J31: 22 | K31: =I31/820 -> 0.10853659 | L31: =J31/200 -> 0.11 | N31: maul | O31: =SUM(I7:I10) -> 0.16736111 | P31: 53 | Q31: 18 | R31: =P31/820 -> 0.064634146 | S31: =Q31/200 -> 0.09 | U31: maul | V31: =SUM(I11:I14) -> 0.36875 | W31: 113 | X31: 27 | Y31: =W31/820 -> 0.13780488 | Z31: =X31/200 -> 0.135
A32: langarita | B32: 68 | C32: 0 | D32: 0.13 | E32: 0 | G32: langarita | H32: =SUM(J3:J6) -> 0.30486111 | I32: 36 | J32: 0 | K32: =I32/505 -> 0.071287129 | L32: =J32/42 -> 0 | N32: langarita | O32: =SUM(J7:J10) -> 0.18194444 | P32: 33 | Q32: 1 | R32: =P32/505 -> 0.065346535 | S32: =Q32/42 -> 0.023809524 | U32: langarita | V32: =SUM(J11:J14) -> 0.19097222 | W32: 36 | X32: 1 | Y32: =W32/505 -> 0.071287129 | Z32: =X32/42 -> 0.023809524
A33: drosouni | B33: 139 | C33: 11 | D33: 0.19 | E33: 0.05 | G33: drosouni | H33: =SUM(K3:K6) -> 0 | I33: 0 | J33: 0 | K33: =I33/740 -> 0 | L33: =J33/215 -> 0 | N33: drosouni | O33: =SUM(K7:K10) -> 0 | R33: =P33/740 -> 0 | S33: =Q33/215 -> 0 | U33: drosouni | V33: =SUM(K11:K14) -> 0.10347222 | W33: 34 | X33: 14 | Y33: =W33/740 -> 0.045945946 | Z33: =X33/215 -> 0.065116279
A34: morris | B34: 116 | C34: 0 | D34: 0.14 | E34: 0 | G34: morris | H34: =SUM(L3:L6) -> 0.62708333 | I34: 174 | J34: 40 | K34: =I34/800 -> 0.2175 | L34: =J34/170 -> 0.23529412 | N34: morris | O34: =SUM(L7:L10) -> 0.47222222 | P34: 121 | Q34: 33 | R34: =P34/800 -> 0.15125 | S34: =Q34/170 -> 0.19411765 | U34: morris | V34: =SUM(L11:L14) -> 0.31111111 | W34: 80 | X34: 18 | Y34: =W34/800 -> 0.1 | Z34: =X34/170 -> 0.10588235
A35: walker | B35: 102 | C35: 0 | D35: 0.17 | E35: 0 | G35: walker | H35: =SUM(M3:M6) -> 0.36666667 | I35: 91 | J35: 11 | K35: =I35/580 -> 0.15689655 | L35: =J35/75 -> 0.14666667 | N35: walker | O35: =SUM(M7:M10) -> 0.44722222 | P35: 82 | Q35: 6 | R35: =P35/580 -> 0.14137931 | S35: =Q35/75 -> 0.08 | U35: walker | V35: =SUM(M11:M14) -> 0.42430556 | W35: 81 | X35: 5 | Y35: =W35/580 -> 0.13965517 | Z35: =X35/75 -> 0.066666667
A36: bowes | B36: 113 | C36: 2 | D36: 0.16 | E36: 0.02 | G36: bowes | H36: =SUM(N3:N6) -> 0 | I36: 0 | J36: 0 | K36: =I36/720 -> 0 | L36: =J36/100 -> 0 | N36: bowes | O36: =SUM(N7:N10) -> 0 | R36: =P36/720 -> 0 | S36: =Q36/100 -> 0 | U36: bowes | V36: =SUM(N11:N14) -> 0 | Y36: =W36/720 -> 0 | Z36: =X36/100 -> 0
A37: TOTALS | B37: =AVERAGE(B24:B36) -> 111.53846 | C37: =SUM(C24:C36) -> 30 | D37: =SUM(D24:D36) -> 2.01 | E37: =SUM(E24:E36) -> 0.12 | G37: TOTALS | H37: =SUM(H24:H36) -> 3.6069444 | I37: =SUM(I24:I36) -> 936 | J37: =SUM(J24:J36) -> 149 | K37: =SUM(K24:K36) -> 1.2834368 | L37: =SUM(L24:L36) -> 1.0084434 | N37: TOTALS | P37: =SUM(P24:P36) -> 886 | Q37: =SUM(Q24:Q36) -> 165 | R37: =SUM(R24:R36) -> 1.2258078 | S37: =SUM(S24:S36) -> 1.055552 | U37: TOTALS | V37: =SUM(V24:V36) -> 3.3958333 | W37: =SUM(W24:W36) -> 745 | X37: =SUM(X24:X36) -> 122 | Y37: =SUM(Y24:Y36) -> 1.024082 | Z37: =SUM(Z24:Z36) -> 0.73186605
A40: player | B40: mins | C40: total PL | D40: high PL | E40: tPL % | F40: hPL % | H40: player | I40: mins | J40: total PL | K40: high PL | L40: tPL threshold% | M40: hPL threshold%
A41: mjracle | B41: =SUM(B15:B21) -> 0.75277778 | C41: 151 | D41: 25 | E41: =C41/750 -> 0.20133333 | F41: =D41/200 -> 0.125 | H41: mjracle | I41: =SUM(H24,O24,V24,B41) -> 1.05625 | J41: =SUM(B24,I24,P24,W24,C41) -> 354 | K41: =SUM(C24,J24,Q24,X24,D41) -> 47 | L41: =SUM(D24,K24,R24,Y24,E41) -> 0.474 | M41: =SUM(E24,L24,S24,Z24,F41) -> 0.23
A42: barnes | B42: =SUM(C15:C21) -> 0.86458333 | C42: 158 | D42: 8 | E42: =C42/720 -> 0.21944444 | F42: =D42/65 -> 0.12307692 | H42: barnes | I42: =SUM(H25,O25,V25,B42) -> 2.3958333 | J42: =SUM(B25,I25,P25,W25,C42) -> 692 | K42: =SUM(C25,J25,Q25,X25,D42) -> 33 | L42: =SUM(D25,K25,R25,Y25,E42) -> 0.95861111 | M42: =SUM(E25,L25,S25,Z25,F42) -> 0.50769231
A43: donez | B43: =SUM(D15:D21) -> 0.71666667 | C43: 118 | D43: 7 | E43: =C43/750 -> 0.15733333 | F43: =D43/185 -> 0.037837838 | H43: donez | I43: =SUM(H26,O26,V26,B43) -> 2.0506944 | J43: =SUM(B26,I26,P26,W26,C43) -> 525 | K43: =SUM(C26,J26,Q26,X26,D43) -> 52 | L43: =SUM(D26,K26,R26,Y26,E43) -> 0.70266667 | M43: =SUM(E26,L26,S26,Z26,F43) -> 0.27567568
A44: johnson | B44: =SUM(E15:E21) -> 0 | E44: =C44/700 -> 0 | F44: =D44/220 -> 0 | H44: johnson | I44: =SUM(H27,O27,V27,B44) -> 0.34722222 | J44: =SUM(B27,I27,P27,W27,C44) -> 217 | K44: =SUM(C27,J27,Q27,X27,D44) -> 31 | L44: =SUM(D27,K27,R27,Y27,E44) -> 0.30857143 | M44: =SUM(E27,L27,S27,Z27,F44) -> 0.13181818
A45: twidale | B45: =SUM(F15:F21) -> 0.52569444 | C45: 118 | D45: 24 | E45: =C45/800 -> 0.1475 | F45: =D45/220 -> 0.10909091 | H45: twidale | I45: =SUM(H28,O28,V28,B45) -> 2.8534722 | J45: =SUM(B28,I28,P28,W28,C45) -> 683 | K45: =SUM(C28,J28,Q28,X28,D45) -> 108 | L45: =SUM(D28,K28,R28,Y28,E45) -> 0.84875 | M45: =SUM(E28,L28,S28,Z28,F45) -> 0.48181818
A46: mccallop | B46: =SUM(G15:G21) -> 0 | E46: =C46/820 -> 0 | F46: =D46/240 -> 0 | H46: mccallop | I46: =SUM(H29,O29,V29,B46) -> 0.35347222 | J46: =SUM(B29,I29,P29,W29,C46) -> 212 | K46: =SUM(C29,J29,Q29,X29,D46) -> 22 | L46: =SUM(D29,K29,R29,Y29,E46) -> 0.25707317 | M46: =SUM(E29,L29,S29,Z29,F46) -> 0.0875
A47: ojukwu | B47: =SUM(H15:H21) -> 0.47013889 | C47: 89 | D47: 14 | E47: =C47/620 -> 0.14354839 | F47: =D47/90 -> 0.15555556 | H47: ojukwu | I47: =SUM(H30,O30,V30,B47) -> 0.76388889 | J47: =SUM(B30,I30,P30,W30,C47) -> 265 | K47: =SUM(C30,J30,Q30,X30,D47) -> 32 | L47: =SUM(D30,K30,R30,Y30,E47) -> 0.43129032 | M47: =SUM(E30,L30,S30,Z30,F47) -> 0.35555556
A48: maul | B48: =SUM(I15:I21) -> 0.67638889 | C48: 160 | D48: 23 | E48: =C48/820 -> 0.19512195 | F48: =D48/200 -> 0.115 | H48: maul | I48: =SUM(H31,O31,V31,B48) -> 1.6166667 | J48: =SUM(B31,I31,P31,W31,C48) -> 557 | K48: =SUM(C31,J31,Q31,X31,D48) -> 100 | L48: =SUM(D31,K31,R31,Y31,E48) -> 0.67609756 | M48: =SUM(E31,L31,S31,Z31,F48) -> 0.5
A49: langarita | B49: =SUM(J15:J21) -> 0.24444444 | C49: 46 | D49: 1 | E49: =C49/505 -> 0.091089109 | F49: =D49/42 -> 0.023809524 | H49: langarita | I49: =SUM(H32,O32,V32,B49) -> 0.92222222 | J49: =SUM(B32,I32,P32,W32,C49) -> 219 | K49: =SUM(C32,J32,Q32,X32,D49) -> 3 | L49: =SUM(D32,K32,R32,Y32,E49) -> 0.4290099 | M49: =SUM(E32,L32,S32,Z32,F49) -> 0.071428571
A50: drosouni | B50: =SUM(K15:K21) -> 0 | E50: =C50/740 -> 0 | F50: =D50/215 -> 0 | H50: drosouni | I50: =SUM(H33,O33,V33,B50) -> 0.10347222 | J50: =SUM(B33,I33,P33,W33,C50) -> 173 | K50: =SUM(C33,J33,Q33,X33,D50) -> 25 | L50: =SUM(D33,K33,R33,Y33,E50) -> 0.23594595 | M50: =SUM(E33,L33,S33,Z33,F50) -> 0.11511628
A51: morris | B51: =SUM(L15:L21) -> 0 | E51: =C51/800 -> 0 | F51: =D51/170 -> 0 | H51: morris | I51: =SUM(H34,O34,V34,B51) -> 1.4104167 | J51: =SUM(B34,I34,P34,W34,C51) -> 491 | K51: =SUM(C34,J34,Q34,X34,D51) -> 91 | L51: =SUM(D34,K34,R34,Y34,E51) -> 0.60875 | M51: =SUM(E34,L34,S34,Z34,F51) -> 0.53529412
A52: walker | B52: =SUM(M15:M21) -> 0.18888889 | C52: 35 | D52: 5 | E52: =C52/580 -> 0.060344828 | F52: =D52/75 -> 0.066666667 | H52: walker | I52: =SUM(H35,O35,V35,B52) -> 1.4270833 | J52: =SUM(B35,I35,P35,W35,C52) -> 391 | K52: =SUM(C35,J35,Q35,X35,D52) -> 27 | L52: =SUM(D35,K35,R35,Y35,E52) -> 0.66827586 | M52: =SUM(E35,L35,S35,Z35,F52) -> 0.36
A53: bowes | B53: =SUM(N15:N21) -> 0 | E53: =C53/720 -> 0 | F53: =D53/100 -> 0 | H53: bowes | I53: =SUM(H36,O36,V36,B53) -> 0 | J53: =SUM(B36,I36,P36,W36,C53) -> 113 | K53: =SUM(C36,J36,Q36,X36,D53) -> 2 | L53: =SUM(D36,K36,R36,Y36,E53) -> 0.16 | M53: =SUM(E36,L36,S36,Z36,F53) -> 0.02
A54: TOTALS | B54: =SUM(B41:B53) -> 4.4395833 | C54: =SUM(C41:C53) -> 875 | D54: =SUM(D41:D53) -> 107 | E54: =SUM(E41:E53) -> 1.2157154 | F54: =SUM(F41:F53) -> 0.75603742 | H54: TOTALS | I54: =SUM(H37,O37,V37,B54) -> 11.442361 | J54: =SUM(B37,I37,P37,W37,C54) -> 3553.5385 | K54: =SUM(C37,J37,Q37,X37,D54) -> 573 | L54: =SUM(D37,K37,R37,Y37,E54) -> 6.759042 | M54: =SUM(M41:M53) -> 3.6718989
A56: - take box score stats and assign points to them - impact metric high impact means getting 8 points but as soon as u go beyond threshold your value goes down to one point - offensive rating takes number of points that are produced plus assists/ possessions multiple by 100

Sheet gamemins_charlotte
B1: mjracle | C1: barnes | D1: donez | E1: johnson | F1: twidale | G1: mccallop | H1: ojukwu | I1: maul | J1: langarita | K1: drosouni | L1: morris | M1: walker | N1: bowes
A2: quarter | B2: time in | C2: time in | D2: time in | E2: time in | F2: time in | G2: time in | H2: time in | I2: time in | J2: time in | K2: time in | L2: time in | M2: time in | N2: time in
A3: 1 | B3: 0.38402778 | C3: 0.38402778 | D3: 0.38402778 | H3: 0.11041667 | I3: 0.22847222 | J3: 0.20555556 | L3: 0.38402778 | M3: 0.17847222
B4: 0.22847222 | C4: 0.22847222 | J4: 0.22847222 | L4: 0.11736111
A7: 2 | B7: 0.19236111 | C7: 0.11805556 | D7: 0.23611111 | H7: 0.074305556 | I7: 0.31041667 | J7: 0.074305556 | L7: 0.31041667 | M7: 0.23611111
B8: 0.11875 | C8: 0.11875 | D8: 0.11875 | I8: 0.067361111 | L8: 0.11875 | M8: 0.11875
B9: 0.074305556 | C9: 0.20486111 | D9: 0.20486111 | I9: 0.12986111 | L9: 0.20486111 | M9: 0.20486111
A11: 3 | B11: 0.16111111 | C11: 0.16111111 | D11: 0.16111111 | L11: 0.16111111 | M11: 0.16111111
B12: 0.24097222 | C12: 0.24097222 | D12: 0.24097222 | L12: 0.24097222 | M12: 0.24097222
A15: 4 | B15: 0.34166667 | C15: 0.37430556 | D15: 0.031944444 | E15: 0.19652778 | I15: 0.17708333 | J15: 0.17777778 | L15: 0.37430556 | M15: 0.19583333
B16: 0.23263889 | D16: 0.18194444
A23: player | B23: total PL | C23: high PL | D23: tPL % | E23: hPL % | G23: player | H23: mins | I23: total PL | J23: high PL | K23: tPL % | L23: hPL % | N23: player | O23: mins | P23: total PL | Q23: high PL | R23: tPL % | S23: hPL % | U23: player | V23: mins | W23: total PL | X23: high PL | Y23: tPL % | Z23: hPL % | AA23: Column 9 | AB23: Column 7 | AC23: Column 8 | AD23: Column 11 | AE23: Column 12
A24: mjracle | B24: 144 | C24: 2 | D24: =B24/750 -> 0.192 | E24: =C24/200 -> 0.01 | G24: mjracle | H24: =SUM(B3:B6) -> 0.6125 | I24: 164 | J24: 37 | K24: =I24/750 -> 0.21866667 | L24: =J24/200 -> 0.185 | N24: mjracle | O24: =SUM(B7:B10) -> 0.38541667 | P24: 103 | Q24: 22 | R24: =P24/750 -> 0.13733333 | S24: =Q24/200 -> 0.11 | U24: mjracle | V24: =SUM(B11:B14) -> 0.40208333 | W24: 150 | X24: 32 | Y24: =W24/750 -> 0.2 | Z24: =X24/200 -> 0.16
A25: barnes | B25: 151 | C25: 1 | D25: =B25/720 -> 0.20972222 | E25: =C25/65 -> 0.015384615 | G25: barnes | H25: =SUM(C3:C6) -> 0.6125 | I25: 148 | J25: 14 | K25: =I25/720 -> 0.20555556 | L25: =J25/65 -> 0.21538462 | N25: barnes | O25: =SUM(C7:C10) -> 0.44166667 | P25: 99 | Q25: 7 | R25: =P25/720 -> 0.1375 | S25: =Q25/65 -> 0.10769231 | U25: barnes | V25: =SUM(C11:C14) -> 0.40208333 | W25: 156 | X25: 12 | Y25: =W25/720 -> 0.21666667 | Z25: =X25/65 -> 0.18461538
A26: donez | B26: 147 | C26: 3 | D26: =B26/750 -> 0.196 | E26: =C26/185 -> 0.016216216 | G26: donez | H26: =SUM($D3:$D6) -> 0.38402778 | I26: 84 | J26: 10 | K26: =I26/750 -> 0.112 | L26: =J26/185 -> 0.054054054 | N26: donez | O26: =SUM(D7:D10) -> 0.55972222 | P26: 126 | Q26: 24 | R26: =P26/750 -> 0.168 | S26: =Q26/185 -> 0.12972973 | U26: donez | V26: =SUM(D11:D14) -> 0.40208333 | W26: 160 | X26: 25 | Y26: =W26/750 -> 0.21333333 | Z26: =X26/185 -> 0.13513514
A27: johnson | B27: 143 | C27: 1 | D27: =B27/700 -> 0.20428571 | E27: =C27/220 -> 0.0045454545 | G27: johnson | H27: =SUM(E3:E6) -> 0 | K27: =I27/700 -> 0 | L27: =J27/220 -> 0 | N27: johnson | O27: =SUM(E7:E10) -> 0 | R27: =P27/700 -> 0 | S27: =Q27/220 -> 0 | U27: johnson | V27: =SUM(E11:E14) -> 0 | Y27: =W27/700 -> 0 | Z27: =X27/220 -> 0
A28: twidale | D28: =B28/800 -> 0 | E28: =C29/220 -> 0.018181818 | G28: twidale | H28: =SUM(F3:F6) -> 0 | K28: =I28/800 -> 0 | L28: =J28/220 -> 0 | N28: twidale | O28: =SUM(F7:F10) -> 0 | R28: =P28/800 -> 0 | S28: =Q28/220 -> 0 | U28: twidale | V28: =SUM(F11:F14) -> 0 | Y28: =W28/800 -> 0 | Z28: =X28/220 -> 0
A29: mccallop | B29: 155 | C29: 4 | D29: =B29/820 -> 0.18902439 | E29: =C30/240 -> 0.016666667 | G29: mccallop | H29: =SUM(G3:G6) -> 0 | K29: =I29/820 -> 0 | L29: =J29/240 -> 0 | N29: mccallop | O29: =SUM(G7:G10) -> 0 | R29: =P29/820 -> 0 | S29: =Q29/240 -> 0 | U29: mccallop | V29: =SUM(G11:G14) -> 0 | Y29: =W29/820 -> 0 | Z29: =X29/240 -> 0
A30: ojukwu | B30: 114 | C30: 4 | D30: =B30/620 -> 0.18387097 | E30: =C31/90 -> 0.077777778 | G30: ojukwu | H30: =SUM(H3:H6) -> 0.11041667 | I30: 26 | J30: 7 | K30: =I30/620 -> 0.041935484 | L30: =J30/90 -> 0.077777778 | N30: ojukwu | O30: =SUM(H7:H10) -> 0.074305556 | P30: 17 | Q30: 2 | R30: =P30/620 -> 0.027419355 | S30: =Q30/90 -> 0.022222222 | U30: ojukwu | V30: =SUM(H11:H14) -> 0 | W30: 43 | X30: 5 | Y30: =W30/620 -> 0.069354839 | Z30: =X30/90 -> 0.055555556
A31: maul | B31: 160 | C31: 7 | D31: =B31/820 -> 0.19512195 | E31: =C32/200 -> 0.005 | G31: maul | H31: =SUM(I3:I6) -> 0.22847222 | I31: 62 | J31: 13 | K31: =I31/820 -> 0.075609756 | L31: =J31/200 -> 0.065 | N31: maul | O31: =SUM(I7:I10) -> 0.50763889 | P31: 126 | Q31: 30 | R31: =P31/820 -> 0.15365854 | S31: =Q31/200 -> 0.15 | U31: maul | V31: =SUM(I11:I14) -> 0 | W31: 95 | X31: 20 | Y31: =W31/820 -> 0.11585366 | Z31: =X31/200 -> 0.1
A32: langarita | B32: 116 | C32: 1 | D32: =B32/505 -> 0.22970297 | E32: =C33/42 -> 0.4047619 | G32: langarita | H32: =SUM(J3:J6) -> 0.43402778 | I32: 87 | J32: 3 | K32: =I32/505 -> 0.17227723 | L32: =J32/42 -> 0.071428571 | N32: langarita | O32: =SUM(J7:J10) -> 0.074305556 | P32: 11 | Q32: 1 | R32: =P32/505 -> 0.021782178 | S32: =Q32/42 -> 0.023809524 | U32: langarita | V32: =SUM(J11:J14) -> 0 | Y32: =W32/505 -> 0 | Z32: =X32/42 -> 0
A33: drosouni | B33: 176 | C33: 17 | D33: =B33/740 -> 0.23783784 | E33: =C34/215 -> 0.013953488 | G33: drosouni | H33: =SUM(K3:K6) -> 0 | K33: =I33/740 -> 0 | L33: =J33/215 -> 0 | N33: drosouni | O33: =SUM(K7:K10) -> 0 | R33: =P33/740 -> 0 | S33: =Q33/215 -> 0 | U33: drosouni | V33: =SUM(K11:K14) -> 0 | Y33: =W33/740 -> 0 | Z33: =X33/215 -> 0
A34: morris | B34: 129 | C34: 3 | D34: =B34/800 -> 0.16125 | E34: =C35/170 -> 0.0058823529 | G34: morris | H34: =SUM(L3:L6) -> 0.50138889 | I34: 147 | J34: 29 | K34: =I34/800 -> 0.18375 | L34: =J34/170 -> 0.17058824 | N34: morris | O34: =SUM(L7:L10) -> 0.63402778 | P34: 169 | Q34: 35 | R34: =P34/800 -> 0.21125 | S34: =Q34/170 -> 0.20588235 | U34: morris | V34: =SUM(L11:L14) -> 0.40208333 | W34: 124 | X34: 26 | Y34: =W34/800 -> 0.155 | Z34: =X34/170 -> 0.15294118
A35: walker | B35: 138 | C35: 1 | D35: =B35/580 -> 0.23793103 | E35: =C36/75 -> 0.066666667 | G35: walker | H35: =SUM(M3:M6) -> 0.17847222 | I35: 49 | J35: 8 | K35: =I35/580 -> 0.084482759 | L35: =J35/75 -> 0.10666667 | N35: walker | O35: =SUM(M7:M10) -> 0.55972222 | P35: 130 | Q35: 18 | R35: =P35/580 -> 0.22413793 | S35: =Q35/75 -> 0.24 | U35: walker | V35: =SUM(M11:M14) -> 0.40208333 | W35: 115 | X35: 17 | Y35: =W35/580 -> 0.19827586 | Z35: =X35/75 -> 0.22666667
A36: bowes | B36: 164 | C36: 5 | D36: =B36/720 -> 0.22777778 | E36: =#REF!/100 -> #REF! | G36: bowes | H36: =SUM(N3:N6) -> 0 | K36: =I36/720 -> 0 | L36: =J36/100 -> 0 | N36: bowes | O36: =SUM(N7:N10) -> 0 | R36: =P36/720 -> 0 | S36: =Q36/100 -> 0 | U36: bowes | V36: =SUM(N11:N14) -> 0 | Y36: =W36/720 -> 0 | Z36: =X36/100 -> 0
A37: TOTALS | B37: =AVERAGE(B24:B36) -> 144.75 | D37: =SUM(D24:D36) -> 2.4645249 | E37: =SUM(E24:E36) -> #REF! | G37: TOTALS | H37: =SUM(H24:H36) -> 3.0618056 | K37: =SUM(K24:K36) -> 1.0942774 | L37: =SUM(L24:L36) -> 0.94589992 | N37: TOTALS | R37: =SUM(R24:R36) -> 1.0810813 | S37: =SUM(S24:S36) -> 0.98933614 | U37: TOTALS | V37: =SUM(V24:V36) -> 2.0104167 | Y37: =SUM(Y24:Y36) -> 1.1684844 | Z37: =SUM(Z24:Z36) -> 1.0149139
W39: total pl
A40: player | B40: mins | C40: total PL | D40: high PL | E40: tPL % | F40: hPL % | H40: player | I40: mins | J40: total PL | K40: high PL | L40: tPL threshold% | M40: hPL threshold% | W40: quad 4 highs | X40: warmup | Y40: equal split | Z40: q1/q4 | AA40: q2/q3 | AB40: quad 4 highs | AC40: warmup | AD40: equal split | AE40: q1/q4 | AF40: q2/q3
A41: mjracle | B41: =SUM(B15:B21) -> 0.57430556 | C41: 128 | D41: 27 | E41: =C41/750 -> 0.17066667 | F41: =D41/200 -> 0.135 | H41: mjracle | I41: =SUM(H24,O24,V24,B41) -> 1.9743056 | J41: =SUM(B24,I24,P24,W24,C41) -> 689 | K41: =SUM(C24,J24,Q24,X24,D41) -> 120 | L41: =SUM(D24,K24,R24,Y24,E41) -> 0.91866667 | M41: =SUM(E24,L24,S24,Z24,F41) -> 0.6 | V41: mjr | W41: 750 | X41: 150 | Y41: =(W41-X41)/4 -> 150 | Z41: =(W41-X41)*0.3 -> 180 | AA41: =(W41-X41)*0.2 -> 120 | AB41: 200 | AC41: 1 | AD41: =AB41/4 -> 50 | AE41: =AB41*0.3 -> 60 | AF41: =AB41*0.2 -> 40
A42: barnes | B42: =SUM(C15:C21) -> 0.37430556 | C42: 69 | D42: 2 | E42: =C42/720 -> 0.095833333 | F42: =D42/65 -> 0.030769231 | H42: barnes | I42: =SUM(H25,O25,V25,B42) -> 1.8305556 | J42: =SUM(B25,I25,P25,W25,C42) -> 623 | K42: =SUM(C25,J25,Q25,X25,D42) -> 36 | L42: =SUM(D25,K25,R25,Y25,E42) -> 0.86527778 | M42: =SUM(E25,L25,S25,Z25,F42) -> 0.55384615 | V42: barnes | W42: 720 | X42: 150 | Y42: =(W42-X42)/4 -> 142.5 | Z42: =(W42-X42)*0.3 -> 171 | AA42: =(W42-X42)*0.2 -> 114 | AB42: 65 | AC42: 1 | AD42: =AB42/4 -> 16.25 | AE42: =AB42*0.3 -> 19.5 | AF42: =AB42*0.2 -> 13
A43: donez | B43: =SUM(D15:D21) -> 0.21388889 | C43: 57 | D43: 3 | E43: =C43/750 -> 0.076 | F43: =D43/185 -> 0.016216216 | H43: donez | I43: =SUM(H26,O26,V26,B43) -> 1.5597222 | J43: =SUM(B26,I26,P26,W26,C43) -> 574 | K43: =SUM(C26,J26,Q26,X26,D43) -> 65 | L43: =SUM(D26,K26,R26,Y26,E43) -> 0.76533333 | M43: =SUM(E26,L26,S26,Z26,F43) -> 0.35135135 | V43: donez | W43: 750 | X43: 150 | Y43: =(W43-X43)/4 -> 150 | Z43: =(W43-X43)*0.3 -> 180 | AA43: =(W43-X43)*0.2 -> 120 | AB43: 185 | AC43: 1 | AD43: =AB43/4 -> 46.25 | AE43: =AB43*0.3 -> 55.5 | AF43: =AB43*0.2 -> 37
A44: johnson | B44: =SUM(E15:E21) -> 0.19652778 | C44: 76 | D44: 12 | E44: =C44/700 -> 0.10857143 | F44: =D44/220 -> 0.054545455 | H44: johnson | I44: =SUM(H27,O27,V27,B44) -> 0.19652778 | J44: =SUM(B27,I27,P27,W27,C44) -> 219 | K44: =SUM(C27,J27,Q27,X27,D44) -> 13 | L44: =SUM(D27,K27,R27,Y27,E44) -> 0.31285714 | M44: =SUM(E27,L27,S27,Z27,F44) -> 0.059090909 | V44: johnson | W44: 700 | X44: 150 | Y44: =(W44-X44)/4 -> 137.5 | Z44: =(W44-X44)*0.3 -> 165 | AA44: =(W44-X44)*0.2 -> 110 | AB44: 220 | AC44: 1 | AD44: =AB44/4 -> 55 | AE44: =AB44*0.3 -> 66 | AF44: =AB44*0.2 -> 44
A45: twidale | B45: =SUM(F15:F21) -> 0 | E45: =C45/800 -> 0 | F45: =D46/220 -> 0.036363636 | H45: twidale | I45: =SUM(H28,O28,V28,B45) -> 0 | J45: =SUM(B28,I28,P28,W28,C45) -> 0 | K45: =SUM(C29,J28,Q28,X28,D46) -> 12 | L45: =SUM(D28,K28,R28,Y28,E45) -> 0 | M45: =SUM(E28,L28,S28,Z28,F45) -> 0.054545455 | V45: twidale | W45: 800 | X45: 150 | Y45: =(W45-X45)/4 -> 162.5 | Z45: =(W45-X45)*0.3 -> 195 | AA45: =(W45-X45)*0.2 -> 130 | AB45: 220 | AC45: 1 | AD45: =AB45/4 -> 55 | AE45: =AB45*0.3 -> 66 | AF45: =AB45*0.2 -> 44
A46: mccallop | B46: =SUM(G15:G21) -> 0 | C46: 28 | D46: 8 | E46: =C46/820 -> 0.034146341 | F46: =D46/820 -> 0.0097560976 | H46: mccallop | I46: =SUM(H29,O29,V29,B46) -> 0 | J46: =SUM(B29,I29,P29,W29,C46) -> 183 | K46: =SUM(C30,J29,Q29,X29,D47) -> 15 | L46: =SUM(D29,K29,R29,Y29,E46) -> 0.22317073 | M46: =SUM(E29,L29,S29,Z29,F46) -> 0.026422764 | V46: mccallop | W46: 820 | X46: 150 | Y46: =(W46-X46)/4 -> 167.5 | Z46: =(W46-X46)*0.3 -> 201 | AA46: =(W46-X46)*0.2 -> 134 | AB46: 240 | AC46: 1 | AD46: =AB46/4 -> 60 | AE46: =AB46*0.3 -> 72 | AF46: =AB46*0.2 -> 48
A47: ojukwu | B47: =SUM(H15:H21) -> 0 | C47: 67 | D47: 11 | E47: =C47/620 -> 0.10806452 | F47: =D47/820 -> 0.013414634 | H47: ojukwu | I47: =SUM(H30,O30,V30,B47) -> 0.18472222 | J47: =SUM(B30,I30,P30,W30,C47) -> 267 | K47: =SUM(C31,J30,Q30,X30,D48) -> 40 | L47: =SUM(D30,K30,R30,Y30,E47) -> 0.43064516 | M47: =SUM(E30,L30,S30,Z30,F47) -> 0.24674797 | V47: ojukwu | W47: 620 | X47: 100 | Y47: =(W47-X47)/4 -> 130 | Z47: =(W47-X47)*0.3 -> 156 | AA47: =(W47-X47)*0.2 -> 104 | AB47: 90 | AC47: 1 | AD47: =AB47/4 -> 22.5 | AE47: =AB47*0.3 -> 27 | AF47: =AB47*0.2 -> 18
A48: maul | B48: =SUM(I15:I21) -> 0.17708333 | C48: 111 | D48: 19 | E48: =C48/820 -> 0.13536585 | F48: =D48/820 -> 0.023170732 | H48: maul | I48: =SUM(H31,O31,V31,B48) -> 0.91319444 | J48: =SUM(B31,I31,P31,W31,C48) -> 554 | K48: =SUM(C32,J31,Q31,X31,D49) -> 65 | L48: =SUM(D31,K31,R31,Y31,E48) -> 0.67560976 | M48: =SUM(E31,L31,S31,Z31,F48) -> 0.34317073 | V48: maul | W48: 820 | X48: 150 | Y48: =(W48-X48)/4 -> 167.5 | Z48: =(W48-X48)*0.3 -> 201 | AA48: =(W48-X48)*0.2 -> 134 | AB48: 200 | AC48: 10 | AD48: =AB48/4 -> 50 | AE48: =AB48*0.3 -> 60 | AF48: =AB48*0.2 -> 40
A49: langarita | B49: =SUM(J15:J21) -> 0.17777778 | C49: 34 | D49: 1 | E49: =C49/505 -> 0.067326733 | F49: =D49/820 -> 0.0012195122 | H49: langarita | I49: =SUM(H32,O32,V32,B49) -> 0.68611111 | J49: =SUM(B32,I32,P32,W32,C49) -> 248 | K49: =SUM(C33,J32,Q32,X32,D50) -> 29 | L49: =SUM(D32,K32,R32,Y32,E49) -> 0.49108911 | M49: =SUM(E32,L32,S32,Z32,F49) -> 0.50121951 | V49: langarita | W49: 505 | X49: 100 | Y49: =(W49-X49)/4 -> 101.25 | Z49: =(W49-X49)*0.3 -> 121.5 | AA49: =(W49-X49)*0.2 -> 81 | AB49: 42 | AC49: 1 | AD49: =AB49/4 -> 10.5 | AE49: =AB49*0.3 -> 12.6 | AF49: =AB49*0.2 -> 8.4
A50: drosouni | B50: =SUM(K15:K21) -> 0 | C50: 29 | D50: 8 | E50: =C50/740 -> 0.039189189 | F50: =D50/820 -> 0.0097560976 | H50: drosouni | I50: =SUM(H33,O33,V33,B50) -> 0 | J50: =SUM(B33,I33,P33,W33,C50) -> 205 | K50: =SUM(C34,J33,Q33,X33,D51) -> 40 | L50: =SUM(D33,K33,R33,Y33,E50) -> 0.27702703 | M50: =SUM(E33,L33,S33,Z33,F50) -> 0.023709586 | V50: drosouni | W50: 740 | X50: 150 | Y50: =(W50-X50)/4 -> 147.5 | Z50: =(W50-X50)*0.3 -> 177 | AA50: =(W50-X50)*0.2 -> 118 | AB50: 215 | AC50: 10 | AD50: =AB50/4 -> 53.75 | AE50: =AB50*0.3 -> 64.5 | AF50: =AB50*0.2 -> 43
A51: morris | B51: =SUM(L15:L21) -> 0.37430556 | C51: 179 | D51: 37 | E51: =C51/800 -> 0.22375 | F51: =D51/820 -> 0.045121951 | H51: morris | I51: =SUM(H34,O34,V34,B51) -> 1.9118056 | J51: =SUM(B34,I34,P34,W34,C51) -> 748 | K51: =SUM(C35,J34,Q34,X34,D52) -> 96 | L51: =SUM(D34,K34,R34,Y34,E51) -> 0.935 | M51: =SUM(E34,L34,S34,Z34,F51) -> 0.58041607 | V51: morris | W51: 800 | X51: 150 | Y51: =(W51-X51)/4 -> 162.5 | Z51: =(W51-X51)*0.3 -> 195 | AA51: =(W51-X51)*0.2 -> 130 | AB51: 170 | AC51: 1 | AD51: =AB51/4 -> 42.5 | AE51: =AB51*0.3 -> 51 | AF51: =AB51*0.2 -> 34
A52: walker | B52: =SUM(M15:M21) -> 0.19583333 | C52: 45 | D52: 5 | E52: =C52/580 -> 0.077586207 | F52: =D52/820 -> 0.006097561 | H52: walker | I52: =SUM(H35,O35,V35,B52) -> 1.3361111 | J52: =SUM(B35,I35,P35,W35,C52) -> 477 | K52: =SUM(C36,J35,Q35,X35,D53) -> 50 | L52: =SUM(D35,K35,R35,Y35,E52) -> 0.82241379 | M52: =SUM(E35,L35,S35,Z35,F52) -> 0.64609756 | V52: walker | W52: 580 | X52: 100 | Y52: =(W52-X52)/4 -> 120 | Z52: =(W52-X52)*0.3 -> 144 | AA52: =(W52-X52)*0.2 -> 96 | AB52: 75 | AC52: 1 | AD52: =AB52/4 -> 18.75 | AE52: =AB52*0.3 -> 22.5 | AF52: =AB52*0.2 -> 15
A53: bowes | B53: =SUM(N15:N21) -> 0 | C53: 10 | D53: 2 | E53: =C53/720 -> 0.013888889 | F53: =D53/820 -> 0.0024390244 | H53: bowes | I53: =SUM(H36,O36,V36,B53) -> 0 | J53: =SUM(B36,I36,P36,W36,C53) -> 174 | K53: =SUM(#REF!,J36,Q36,X36,#REF!) -> #REF! | L53: =SUM(D36,K36,R36,Y36,E53) -> 0.24166667 | M53: =SUM(E36,L36,S36,Z36,F53) -> #REF! | V53: bowes | W53: 720 | X53: 150 | Y53: =(W53-X53)/4 -> 142.5 | Z53: =(W53-X53)*0.3 -> 171 | AA53: =(W53-X53)*0.2 -> 114 | AB53: 100 | AC53: 1 | AD53: =AB53/4 -> 25 | AE53: =AB53*0.3 -> 30 | AF53: =AB53*0.2 -> 20
A54: TOTALS | B54: =SUM(B41:B53) -> 2.2840278 | E54: =SUM(E41:E53) -> 1.1503892 | F54: =SUM(F41:F53) -> 0.38387015 | H54: TOTALS | I54: =SUM(H37,O37,V37,B54) -> 7.35625 | J54: =SUM(B37,I37,P37,W37,C54) -> 144.75 | K54: =SUM(C37,J37,Q37,X37,D54) -> 0 | L54: =SUM(D37,K37,R37,Y37,E54) -> 6.9587572 | M54: =SUM(M41:M53) -> #REF!
AA57: total | AB57: high
Z58: mjr | AA58: 150 | AB58: 50
Z59: barnes | AA59: 142.5 | AB59: 16.25
Z60: donez | AA60: 150 | AB60: 46.25
Z61: johnson | AA61: 137.5 | AB61: 55
Z62: twidale | AA62: 162.5 | AB62: 55
Z63: mccallop | AA63: 167.5 | AB63: 60
Z64: ojukwu | AA64: 130 | AB64: 22.5
Z65: maul | AA65: 167.5 | AB65: 50
Z66: langarita | AA66: 101.25 | AB66: 10.5
Z67: drosouni | AA67: 147.5 | AB67: 53.75
Z68: morris | AA68: 162.5 | AB68: 42.5
Z69: walker | AA69: 120 | AB69: 18.75
Z70: bowes | AA70: 142.5 | AB70: 25

Sheet gamemins_harvard
B1: sheppard | C1: barnes | D1: donez | E1: johnson | F1: twidale | G1: mccallop | H1: ojukwu | I1: maul | J1: langarita | K1: drosouni | L1: morris | M1: walker | N1: bowes
A2: quarter | B2: time in | C2: time in | D2: time in | E2: time in | F2: time in | G2: time in | H2: time in | I2: time in | J2: time in | K2: time in | L2: time in | M2: time in | N2: time in
A3: 1
A7: 2
A11: 3
A15: 4
A23: player | B23: total PL | C23: high PL | D23: tPL % | E23: hPL % | G23: player | H23: mins | I23: total PL | J23: high PL | K23: tPL % | L23: hPL % | N23: player | O23: mins | P23: total PL | Q23: high PL | R23: tPL % | S23: hPL % | U23: player | V23: mins | W23: total PL | X23: high PL | Y23: tPL % | Z23: hPL %
A24: sheppard | B24: 133 | C24: 1 | D24: =B24/750 -> 0.17733333 | E24: =C24/200 -> 0.005 | G24: sheppard | H24: =SUM(B3:B6) -> 0 | I24: 129 | J24: 30 | K24: =I24/750 -> 0.172 | L24: =J24/200 -> 0.15 | N24: sheppard | O24: =SUM(B7:B10) -> 0 | P24: 112 | Q24: 27 | R24: =P24/750 -> 0.14933333 | S24: =Q24/200 -> 0.135 | U24: sheppard | V24: =SUM(B11:B14) -> 0 | W24: 38 | X24: 5 | Y24: =W24/750 -> 0.050666667 | Z24: =X24/200 -> 0.025
A25: barnes | B25: 131 | C25: 1 | D25: =B25/720 -> 0.18194444 | E25: =C25/65 -> 0.015384615 | G25: barnes | H25: =SUM(C3:C6) -> 0 | I25: 120 | J25: 9 | K25: =I25/720 -> 0.16666667 | L25: =J25/65 -> 0.13846154 | N25: barnes | O25: =SUM(C7:C10) -> 0 | P25: 143 | Q25: 7 | R25: =P25/720 -> 0.19861111 | S25: =Q25/65 -> 0.10769231 | U25: barnes | V25: =SUM(C11:C14) -> 0 | W25: 142 | X25: 6 | Y25: =W25/720 -> 0.19722222 | Z25: =X25/65 -> 0.092307692
A26: donez | B26: 132 | C26: 1 | D26: =B26/750 -> 0.176 | E26: =C26/185 -> 0.0054054054 | G26: donez | H26: =SUM($D3:$D6) -> 0 | I26: 82 | J26: 12 | K26: =I26/750 -> 0.10933333 | L26: =J26/185 -> 0.064864865 | N26: donez | O26: =SUM(D7:D10) -> 0 | P26: 136 | Q26: 20 | R26: =P26/750 -> 0.18133333 | S26: =Q26/185 -> 0.10810811 | U26: donez | V26: =SUM(D11:D14) -> 0 | W26: 122 | X26: 21 | Y26: =W26/750 -> 0.16266667 | Z26: =X26/185 -> 0.11351351
A27: johnson | B27: 142 | C27: 2 | D27: =B27/700 -> 0.20285714 | E27: =C27/220 -> 0.0090909091 | G27: johnson | H27: =SUM(E3:E6) -> 0 | K27: =I27/700 -> 0 | L27: =J27/220 -> 0 | N27: johnson | O27: =SUM(E7:E10) -> 0 | R27: =P27/700 -> 0 | S27: =Q27/220 -> 0 | U27: johnson | V27: =SUM(E11:E14) -> 0 | Y27: =W27/700 -> 0 | Z27: =X27/220 -> 0
A28: twidale | B28: 118 | C28: 2 | D28: =B28/800 -> 0.1475 | E28: =C29/220 -> 0.0045454545 | G28: twidale | H28: =SUM(F3:F6) -> 0 | I28: 141 | J28: 23 | K28: =I28/800 -> 0.17625 | L28: =J28/220 -> 0.10454545 | N28: twidale | O28: =SUM(F7:F10) -> 0 | P28: 47 | Q28: 11 | R28: =P28/800 -> 0.05875 | S28: =Q28/220 -> 0.05 | U28: twidale | V28: =SUM(F11:F14) -> 0 | W28: 170 | X28: 25 | Y28: =W28/800 -> 0.2125 | Z28: =X28/220 -> 0.11363636
A29: mccallop | B29: 129 | C29: 1 | D29: =B29/820 -> 0.15731707 | E29: =C30/240 -> 0.0083333333 | G29: mccallop | H29: =SUM(G3:G6) -> 0 | K29: =I29/820 -> 0 | L29: =J29/240 -> 0 | N29: mccallop | O29: =SUM(G7:G10) -> 0 | R29: =P29/820 -> 0 | S29: =Q29/240 -> 0 | U29: mccallop | V29: =SUM(G11:G14) -> 0 | Y29: =W29/820 -> 0 | Z29: =X29/240 -> 0
A30: ojukwu | B30: 139 | C30: 2 | D30: =B30/620 -> 0.22419355 | E30: =C31/90 -> 0.1 | G30: ojukwu | H30: =SUM(H3:H6) -> 0 | K30: =I30/620 -> 0 | L30: =J30/90 -> 0 | N30: ojukwu | O30: =SUM(H7:H10) -> 0 | P30: 81 | Q30: 16 | R30: =P30/620 -> 0.13064516 | S30: =Q30/90 -> 0.17777778 | U30: ojukwu | V30: =SUM(H11:H14) -> 0 | W30: 94 | X30: 15 | Y30: =W30/620 -> 0.1516129 | Z30: =X30/90 -> 0.16666667
A31: maul | B31: 161 | C31: 9 | D31: =B31/820 -> 0.19634146 | E31: =C32/200 -> 0.005 | G31: maul | H31: =SUM(I3:I6) -> 0 | I31: 51 | J31: 12 | K31: =I31/820 -> 0.062195122 | L31: =J31/200 -> 0.06 | N31: maul | O31: =SUM(I7:I10) -> 0 | P31: 93 | Q31: 24 | R31: =P31/820 -> 0.11341463 | S31: =Q31/200 -> 0.12 | U31: maul | V31: =SUM(I11:I14) -> 0 | W31: 112 | X31: 33 | Y31: =W31/820 -> 0.13658537 | Z31: =X31/200 -> 0.165
A32: langarita | B32: 117 | C32: 1 | D32: =B32/505 -> 0.23168317 | E32: =C33/42 -> 0.33333333 | G32: langarita | H32: =SUM(J3:J6) -> 0 | I32: 30 | J32: 1 | K32: =I32/505 -> 0.059405941 | L32: =J32/42 -> 0.023809524 | N32: langarita | O32: =SUM(J7:J10) -> 0 | R32: =P32/505 -> 0 | S32: =Q32/42 -> 0 | U32: langarita | V32: =SUM(J11:J14) -> 0 | Y32: =W32/505 -> 0 | Z32: =X32/42 -> 0
A33: drosouni | B33: 181 | C33: 14 | D33: =B33/740 -> 0.24459459 | E33: =C34/215 -> 0.0046511628 | G33: drosouni | H33: =SUM(K3:K6) -> 0 | K33: =I33/740 -> 0 | L33: =J33/215 -> 0 | N33: drosouni | O33: =SUM(K7:K10) -> 0 | R33: =P33/740 -> 0 | S33: =Q33/215 -> 0 | U33: drosouni | V33: =SUM(K11:K14) -> 0 | Y33: =W33/740 -> 0 | Z33: =X33/215 -> 0
A34: morris | B34: 138 | C34: 1 | D34: =B34/800 -> 0.1725 | E34: =C35/170 -> 0 | G34: morris | H34: =SUM(L3:L6) -> 0 | I34: 135 | J34: 31 | K34: =I34/800 -> 0.16875 | L34: =J34/170 -> 0.18235294 | N34: morris | O34: =SUM(L7:L10) -> 0 | P34: 134 | Q34: 24 | R34: =P34/800 -> 0.1675 | S34: =Q34/170 -> 0.14117647 | U34: morris | V34: =SUM(L11:L14) -> 0 | W34: 109 | X34: 20 | Y34: =W34/800 -> 0.13625 | Z34: =X34/170 -> 0.11764706
A35: walker | B35: 118 | C35: 0 | D35: =B35/580 -> 0.20344828 | E35: =C36/75 -> 0.026666667 | G35: walker | H35: =SUM(M3:M6) -> 0 | I35: 107 | J35: 15 | K35: =I35/580 -> 0.18448276 | L35: =J35/75 -> 0.2 | N35: walker | O35: =SUM(M7:M10) -> 0 | P35: 83 | Q35: 8 | R35: =P35/580 -> 0.14310345 | S35: =Q35/75 -> 0.10666667 | U35: walker | V35: =SUM(M11:M14) -> 0 | W35: 69 | X35: 5 | Y35: =W35/580 -> 0.11896552 | Z35: =X35/75 -> 0.066666667
A36: bowes | B36: 146 | C36: 2 | D36: =B36/720 -> 0.20277778 | E36: =C36/100 -> 0.02 | G36: bowes | H36: =SUM(N3:N6) -> 0 | K36: =I36/720 -> 0 | L36: =J36/100 -> 0 | N36: bowes | O36: =SUM(N7:N10) -> 0 | R36: =P36/720 -> 0 | S36: =Q36/100 -> 0 | U36: bowes | V36: =SUM(N11:N14) -> 0 | Y36: =W36/720 -> 0 | Z36: =X36/100 -> 0
A37: TOTALS | B37: =AVERAGE(B24:B36) -> 137.30769 | D37: =SUM(D24:D36) -> 2.5184908 | E37: =SUM(E24:E36) -> 0.53741088 | G37: TOTALS | H37: =SUM(H24:H36) -> 0 | K37: =SUM(K24:K36) -> 1.0990838 | L37: =SUM(L24:L36) -> 0.92403432 | N37: TOTALS | R37: =SUM(R24:R36) -> 1.142691 | S37: =SUM(S24:S36) -> 0.94642133 | U37: TOTALS | V37: =SUM(V24:V36) -> 0 | Y37: =SUM(Y24:Y36) -> 1.1664693 | Z37: =SUM(Z24:Z36) -> 0.86043796
A40: player | B40: mins | C40: total PL | D40: high PL | E40: tPL % | F40: hPL % | H40: player | I40: mins | J40: total PL | K40: high PL | L40: tPL threshold% | M40: hPL threshold%
A41: sheppard | B41: =SUM(B15:B21) -> 0 | E41: =C41/750 -> 0 | F41: =D41/200 -> 0 | H41: sheppard | I41: =SUM(H24,O24,V24,B41) -> 0 | J41: =SUM(B24,I24,P24,W24,C41) -> 412 | K41: =SUM(C24,J24,Q24,X24,D41) -> 63 | L41: =SUM(D24,K24,R24,Y24,E41) -> 0.54933333 | M41: =SUM(E24,L24,S24,Z24,F41) -> 0.315
A42: barnes | B42: =SUM(C15:C21) -> 0 | E42: =C42/720 -> 0 | F42: =D42/65 -> 0 | H42: barnes | I42: =SUM(H25,O25,V25,B42) -> 0 | J42: =SUM(B25,I25,P25,W25,C42) -> 536 | K42: =SUM(C25,J25,Q25,X25,D42) -> 23 | L42: =SUM(D25,K25,R25,Y25,E42) -> 0.74444444 | M42: =SUM(E25,L25,S25,Z25,F42) -> 0.35384615
A43: donez | B43: =SUM(D15:D21) -> 0 | E43: =C43/750 -> 0 | F43: =D43/185 -> 0 | H43: donez | I43: =SUM(H26,O26,V26,B43) -> 0 | J43: =SUM(B26,I26,P26,W26,C43) -> 472 | K43: =SUM(C26,J26,Q26,X26,D43) -> 54 | L43: =SUM(D26,K26,R26,Y26,E43) -> 0.62933333 | M43: =SUM(E26,L26,S26,Z26,F43) -> 0.29189189
A44: johnson | B44: =SUM(E15:E21) -> 0 | E44: =C44/700 -> 0 | F44: =D44/220 -> 0 | H44: johnson | I44: =SUM(H27,O27,V27,B44) -> 0 | J44: =SUM(B27,I27,P27,W27,C44) -> 142 | K44: =SUM(C27,J27,Q27,X27,D44) -> 2 | L44: =SUM(D27,K27,R27,Y27,E44) -> 0.20285714 | M44: =SUM(E27,L27,S27,Z27,F44) -> 0.0090909091
A45: twidale | B45: =SUM(F15:F21) -> 0 | E45: =C45/800 -> 0 | F45: =D46/220 -> 0 | H45: twidale | I45: =SUM(H28,O28,V28,B45) -> 0 | J45: =SUM(B28,I28,P28,W28,C45) -> 476 | K45: =SUM(C29,J28,Q28,X28,D46) -> 60 | L45: =SUM(D28,K28,R28,Y28,E45) -> 0.595 | M45: =SUM(E28,L28,S28,Z28,F45) -> 0.27272727
A46: mccallop | B46: =SUM(G15:G21) -> 0 | E46: =C46/820 -> 0 | F46: =D46/820 -> 0 | H46: mccallop | I46: =SUM(H29,O29,V29,B46) -> 0 | J46: =SUM(B29,I29,P29,W29,C46) -> 129 | K46: =SUM(C30,J29,Q29,X29,D47) -> 2 | L46: =SUM(D29,K29,R29,Y29,E46) -> 0.15731707 | M46: =SUM(E29,L29,S29,Z29,F46) -> 0.0083333333
A47: ojukwu | B47: =SUM(H15:H21) -> 0 | E47: =C47/620 -> 0 | F47: =D47/820 -> 0 | H47: ojukwu | I47: =SUM(H30,O30,V30,B47) -> 0 | J47: =SUM(B30,I30,P30,W30,C47) -> 314 | K47: =SUM(C31,J30,Q30,X30,D48) -> 40 | L47: =SUM(D30,K30,R30,Y30,E47) -> 0.50645161 | M47: =SUM(E30,L30,S30,Z30,F47) -> 0.44444444
A48: maul | B48: =SUM(I15:I21) -> 0 | E48: =C48/820 -> 0 | F48: =D48/820 -> 0 | H48: maul | I48: =SUM(H31,O31,V31,B48) -> 0 | J48: =SUM(B31,I31,P31,W31,C48) -> 417 | K48: =SUM(C32,J31,Q31,X31,D49) -> 70 | L48: =SUM(D31,K31,R31,Y31,E48) -> 0.50853659 | M48: =SUM(E31,L31,S31,Z31,F48) -> 0.35
A49: langarita | B49: =SUM(J15:J21) -> 0 | E49: =C49/505 -> 0 | F49: =D49/820 -> 0 | H49: langarita | I49: =SUM(H32,O32,V32,B49) -> 0 | J49: =SUM(B32,I32,P32,W32,C49) -> 147 | K49: =SUM(C33,J32,Q32,X32,D50) -> 15 | L49: =SUM(D32,K32,R32,Y32,E49) -> 0.29108911 | M49: =SUM(E32,L32,S32,Z32,F49) -> 0.35714286
A50: drosouni | B50: =SUM(K15:K21) -> 0 | E50: =C50/740 -> 0 | F50: =D50/820 -> 0 | H50: drosouni | I50: =SUM(H33,O33,V33,B50) -> 0 | J50: =SUM(B33,I33,P33,W33,C50) -> 181 | K50: =SUM(C34,J33,Q33,X33,D51) -> 1 | L50: =SUM(D33,K33,R33,Y33,E50) -> 0.24459459 | M50: =SUM(E33,L33,S33,Z33,F50) -> 0.0046511628
A51: morris | B51: =SUM(L15:L21) -> 0 | E51: =C51/800 -> 0 | F51: =D51/820 -> 0 | H51: morris | I51: =SUM(H34,O34,V34,B51) -> 0 | J51: =SUM(B34,I34,P34,W34,C51) -> 516 | K51: =SUM(C35,J34,Q34,X34,D52) -> 75 | L51: =SUM(D34,K34,R34,Y34,E51) -> 0.645 | M51: =SUM(E34,L34,S34,Z34,F51) -> 0.44117647
A52: walker | B52: =SUM(M15:M21) -> 0 | E52: =C52/580 -> 0 | F52: =D52/820 -> 0 | H52: walker | I52: =SUM(H35,O35,V35,B52) -> 0 | J52: =SUM(B35,I35,P35,W35,C52) -> 377 | K52: =SUM(C36,J35,Q35,X35,D53) -> 30 | L52: =SUM(D35,K35,R35,Y35,E52) -> 0.65 | M52: =SUM(E35,L35,S35,Z35,F52) -> 0.4
A53: bowes | B53: =SUM(N15:N21) -> 0 | E53: =C53/720 -> 0 | F53: =D53/820 -> 0 | H53: bowes | I53: =SUM(H36,O36,V36,B53) -> 0 | J53: =SUM(B36,I36,P36,W36,C53) -> 146 | K53: =SUM(D53,C36,J36,Q36,X36) -> 2 | L53: =SUM(D36,K36,R36,Y36,E53) -> 0.20277778 | M53: =SUM(E36,L36,S36,Z36,F53) -> 0.02
A54: TOTALS | B54: =SUM(B41:B53) -> 0 | E54: =SUM(E41:E53) -> 0 | F54: =SUM(F41:F53) -> 0 | H54: TOTALS | I54: =SUM(H37,O37,V37,B54) -> 0 | J54: =SUM(B37,I37,P37,W37,C54) -> 137.30769 | K54: =SUM(C37,J37,Q37,X37,D54) -> 0 | L54: =SUM(D37,K37,R37,Y37,E54) -> 5.926735 | M54: =SUM(M41:M53) -> 3.2683045

Sheet gamemins_smc
B1: sheppard | C1: barnes | D1: donez | E1: johnson | F1: ojukwu | G1: twidale | H1: mccallop | I1: maul | J1: langarita | K1: drosouni | L1: morris | M1: walker | N1: bowes
A2: quarter | B2: time in | C2: time in | D2: time in | E2: time in | F2: time in | G2: time in | H2: time in | I2: time in | J2: time in | K2: time in | L2: time in | M2: time in | N2: time in
A3: 1 | C3: 0.34861111 | D3: 0.34861111 | G3: 0.34861111 | I3: 0.0875 | J3: 0.25138889 | L3: 0.26111111 | M3: 0.34861111
C4: 0.25138889 | D4: 0.029861111 | G4: 0.22152778 | I4: 0.25138889 | L4: 0.25138889
A7: 2 | C7: 0.23472222 | D7: 0.18958333 | E7: 0.13333333 | F7: 0.15694444 | G7: 0.17847222 | I7: 0.26944444 | J7: 0.22847222 | L7: 0.36875 | M7: 0.36875
C8: 0.098611111 | D8: 0.11180556 | E8: 0.15694444 | G8: 0.38472222 | L8: 0.38472222 | M8: 0.22847222
C9: 0.15694444
C10: 0.11666667
A11: 3 | C11: 0.20486111 | D11: 0.20486111 | G11: 0.20486111 | I11: 0.12361111 | J11: 0.12361111 | L11: 0.20486111 | M11: 0.20486111
C12: 0.12361111 | D12: 0.12361111 | G12: 0.12361111 | I12: 0.36736111 | L12: 0.36736111 | M12: 0.36736111
C13: 0.36736111 | G13: 0.36736111
A15: 4 | C15: 0.078472222 | G15: 0.078472222 | I15: 0.078472222 | L15: 0.078472222 | M15: 0.078472222
A23: player | B23: total PL | C23: high PL | D23: tPL % | E23: hPL % | G23: player | H23: mins | I23: total PL | J23: high PL | K23: tPL % | L23: hPL % | N23: player | O23: mins | P23: total PL | Q23: high PL | R23: tPL % | S23: hPL % | U23: player | V23: mins | W23: total PL | X23: high PL | Y23: tPL % | Z23: hPL %
A24: sheppard | D24: =B24/750 -> 0 | E24: =C24/200 -> 0 | G24: sheppard | H24: =SUM(B3:B6) -> 0 | K24: =I24/750 -> 0 | L24: =J24/200 -> 0 | N24: sheppard | O24: =SUM(B7:B10) -> 0 | R24: =P24/750 -> 0 | S24: =Q24/200 -> 0 | U24: sheppard | V24: =SUM(B11:B14) -> 0 | Y24: =W24/750 -> 0 | Z24: =X24/200 -> 0
A25: barnes | B25: 154 | C25: 0 | D25: =B25/720 -> 0.21388889 | E25: =C25/65 -> 0 | G25: barnes | H25: =SUM(C3:C6) -> 0.6 | I25: 134 | J25: 11 | K25: =I25/720 -> 0.18611111 | L25: =J25/65 -> 0.16923077 | N25: barnes | O25: =SUM(C7:C10) -> 0.60694444 | P25: 124 | Q25: 7 | R25: =P25/720 -> 0.17222222 | S25: =Q25/65 -> 0.10769231 | U25: barnes | V25: =SUM(C11:C14) -> 0.69583333 | W25: 142 | X25: 8 | Y25: =W25/720 -> 0.19722222 | Z25: =X25/65 -> 0.12307692
A26: donez | B26: 165 | C26: 2 | D26: =B26/750 -> 0.22 | E26: =C26/185 -> 0.010810811 | G26: donez | H26: =SUM($D3:$D6) -> 0.37847222 | I26: 92 | J26: 13 | K26: =I26/750 -> 0.12266667 | L26: =J26/185 -> 0.07027027 | N26: donez | O26: =SUM(D7:D10) -> 0.30138889 | P26: 67 | Q26: 7 | R26: =P26/750 -> 0.089333333 | S26: =Q26/185 -> 0.037837838 | U26: donez | V26: =SUM(D11:D14) -> 0.32847222 | W26: 65 | X26: 1 | Y26: =W26/750 -> 0.086666667 | Z26: =X26/185 -> 0.0054054054
A27: johnson | B27: 153 | C27: 4 | D27: =B27/700 -> 0.21857143 | E27: =C27/220 -> 0.018181818 | G27: johnson | H27: =SUM(E3:E6) -> 0 | K27: =I27/700 -> 0 | L27: =J27/220 -> 0 | N27: johnson | O27: =SUM(E7:E10) -> 0.29027778 | P27: 82 | Q27: 22 | R27: =P27/700 -> 0.11714286 | S27: =Q27/220 -> 0.1 | U27: johnson | V27: =SUM(E11:E14) -> 0 | Y27: =W27/700 -> 0 | Z27: =X27/220 -> 0
A28: ojukwu | B28: 172 | C28: 1 | D28: =B28/800 -> 0.215 | E28: =C29/220 -> 0.013636364 | G28: ojukwu | H28: =SUM(F3:F6) -> 0 | K28: =I28/800 -> 0 | L28: =J28/220 -> 0 | N28: ojukwu | O28: =SUM(F7:F10) -> 0.15694444 | P28: 33 | Q28: 2 | R28: =P28/800 -> 0.04125 | S28: =Q28/220 -> 0.0090909091 | U28: ojukwu | V28: =SUM(F11:F14) -> 0 | Y28: =W28/800 -> 0 | Z28: =X28/220 -> 0
A29: twidale | B29: 161 | C29: 3 | D29: =B29/820 -> 0.19634146 | E29: =C30/240 -> 0.016666667 | G29: twidale | H29: =SUM(G3:G6) -> 0.57013889 | I29: 147 | J29: 19 | K29: =I29/820 -> 0.17926829 | L29: =J29/240 -> 0.079166667 | N29: twidale | O29: =SUM(G7:G10) -> 0.56319444 | P29: 112 | Q29: 13 | R29: =P29/820 -> 0.13658537 | S29: =Q29/240 -> 0.054166667 | U29: twidale | V29: =SUM(G11:G14) -> 0.69583333 | W29: 148 | X29: 19 | Y29: =W29/820 -> 0.1804878 | Z29: =X29/240 -> 0.079166667
A30: mccallop | B30: 152 | C30: 4 | D30: =B30/620 -> 0.24516129 | E30: =C31/90 -> 0.077777778 | G30: mccallop | H30: =SUM(H3:H6) -> 0 | K30: =I30/620 -> 0 | L30: =J30/90 -> 0 | N30: mccallop | O30: =SUM(H7:H10) -> 0 | R30: =P30/620 -> 0 | S30: =Q30/90 -> 0 | U30: mccallop | V30: =SUM(H11:H14) -> 0 | Y30: =W30/620 -> 0 | Z30: =X30/90 -> 0
A31: maul | B31: 188 | C31: 7 | D31: =B31/820 -> 0.22926829 | E31: =C32/200 -> 0 | G31: maul | H31: =SUM(I3:I6) -> 0.33888889 | I31: 106 | J31: 20 | K31: =I31/820 -> 0.12926829 | L31: =J31/200 -> 0.1 | N31: maul | O31: =SUM(I7:I10) -> 0.26944444 | P31: 70 | Q31: 17 | R31: =P31/820 -> 0.085365854 | S31: =Q31/200 -> 0.085 | U31: maul | V31: =SUM(I11:I14) -> 0.49097222 | W31: 114 | X31: 26 | Y31: =W31/820 -> 0.13902439 | Z31: =X31/200 -> 0.13
A32: langarita | B32: 123 | C32: 0 | D32: =B32/505 -> 0.24356436 | E32: =C33/42 -> 0.23809524 | G32: langarita | H32: =SUM(J3:J6) -> 0.25138889 | I32: 49 | J32: 2 | K32: =I32/505 -> 0.097029703 | L32: =J32/42 -> 0.047619048 | N32: langarita | O32: =SUM(J7:J10) -> 0.22847222 | P32: 42 | Q32: 2 | R32: =P32/505 -> 0.083168317 | S32: =Q32/42 -> 0.047619048 | U32: langarita | V32: =SUM(J11:J14) -> 0.12361111 | W32: 22 | X32: 1 | Y32: =W32/505 -> 0.043564356 | Z32: =X32/42 -> 0.023809524
A33: drosouni | B33: 202 | C33: 10 | D33: =B33/740 -> 0.27297297 | E33: =C34/215 -> 0.018604651 | G33: drosouni | H33: =SUM(K3:K6) -> 0 | K33: =I33/740 -> 0 | L33: =J33/215 -> 0 | N33: drosouni | O33: =SUM(K7:K10) -> 0 | R33: =P33/740 -> 0 | S33: =Q33/215 -> 0 | U33: drosouni | V33: =SUM(K11:K14) -> 0 | Y33: =W33/740 -> 0 | Z33: =X33/215 -> 0
A34: morris | B34: 149 | C34: 4 | D34: =B34/800 -> 0.18625 | E34: =C35/170 -> 0.011764706 | G34: morris | H34: =SUM(L3:L6) -> 0.5125 | I34: 133 | J34: 24 | K34: =I34/800 -> 0.16625 | L34: =J34/170 -> 0.14117647 | N34: morris | O34: =SUM(L7:L10) -> 0.75347222 | P34: 163 | Q34: 22 | R34: =P34/800 -> 0.20375 | S34: =Q34/170 -> 0.12941176 | U34: morris | V34: =SUM(L11:L14) -> 0.57222222 | W34: 142 | X34: 25 | Y34: =W34/800 -> 0.1775 | Z34: =X34/170 -> 0.14705882
A35: walker | B35: 179 | C35: 2 | D35: =B35/580 -> 0.30862069 | E35: =C36/75 -> 0.053333333 | G35: walker | H35: =SUM(M3:M6) -> 0.34861111 | I35: 85 | J35: 7 | K35: =I35/580 -> 0.14655172 | L35: =J35/75 -> 0.093333333 | N35: walker | O35: =SUM(M7:M10) -> 0.59722222 | P35: 121 | Q35: 13 | R35: =P35/580 -> 0.20862069 | S35: =Q35/75 -> 0.17333333 | U35: walker | V35: =SUM(M11:M14) -> 0.57222222 | W35: 115 | X35: 13 | Y35: =W35/580 -> 0.19827586 | Z35: =X35/75 -> 0.17333333
A36: bowes | B36: 168 | C36: 4 | D36: =B36/720 -> 0.23333333 | E36: =C36/100 -> 0.04 | G36: bowes | H36: =SUM(N3:N6) -> 0 | K36: =I36/720 -> 0 | L36: =J36/100 -> 0 | N36: bowes | O36: =SUM(N7:N10) -> 0 | R36: =P36/720 -> 0 | S36: =Q36/100 -> 0 | U36: bowes | V36: =SUM(N11:N14) -> 0 | Y36: =W36/720 -> 0 | Z36: =X36/100 -> 0
A37: TOTALS | B37: =AVERAGE(B24:B36) -> 163.83333 | C37: =AVERAGE(C24:C36) -> 3.4166667 | D37: =SUM(D24:D36) -> 2.7829727 | E37: =SUM(E24:E36) -> 0.49887137 | G37: TOTALS | H37: =SUM(H24:H36) -> 3 | K37: =SUM(K24:K36) -> 1.0271458 | L37: =SUM(L24:L36) -> 0.70079656 | N37: TOTALS | R37: =SUM(R24:R36) -> 1.1374386 | S37: =SUM(S24:S36) -> 0.74415187 | U37: TOTALS | V37: =SUM(V24:V36) -> 3.4791667 | Y37: =SUM(Y24:Y36) -> 1.0227413 | Z37: =SUM(Z24:Z36) -> 0.68185068
O39: game averages
A40: player | B40: mins | C40: total PL | D40: high PL | E40: tPL % | F40: hPL % | H40: player | I40: mins | J40: total PL | K40: high PL | L40: tPL threshold% | M40: hPL threshold% | O40: player | P40: total PL | Q40: high PL
A41: sheppard | B41: =SUM(B15:B21) -> 0 | E41: =C41/750 -> 0 | F41: =D41/200 -> 0 | H41: sheppard | I41: =SUM(H24,O24,V24,B41) -> 0 | J41: =SUM(B24,I24,P24,W24,C41) -> 0 | K41: =SUM(C24,J24,Q24,X24,D41) -> 0 | L41: =SUM(D24,K24,R24,Y24,E41) -> 0 | M41: =SUM(E24,L24,S24,Z24,F41) -> 0 | O41: sheppard
A42: barnes | B42: =SUM(C15:C21) -> 0.078472222 | E42: =C42/720 -> 0 | F42: =D42/65 -> 0 | H42: barnes | I42: =SUM(H25,O25,V25,B42) -> 1.98125 | J42: =SUM(B25,I25,P25,W25,C42) -> 554 | K42: =SUM(C25,J25,Q25,X25,D42) -> 26 | L42: =SUM(D25,K25,R25,Y25,E42) -> 0.76944444 | M42: =SUM(E25,L25,S25,Z25,F42) -> 0.4 | O42: barnes
A43: donez | B43: =SUM(D15:D21) -> 0 | E43: =C43/750 -> 0 | F43: =D43/185 -> 0 | H43: donez | I43: =SUM(H26,O26,V26,B43) -> 1.0083333 | J43: =SUM(B26,I26,P26,W26,C43) -> 389 | K43: =SUM(C26,J26,Q26,X26,D43) -> 23 | L43: =SUM(D26,K26,R26,Y26,E43) -> 0.51866667 | M43: =SUM(E26,L26,S26,Z26,F43) -> 0.12432432 | O43: donez
A44: johnson | B44: =SUM(E15:E21) -> 0 | E44: =C44/700 -> 0 | F44: =D44/220 -> 0 | H44: johnson | I44: =SUM(H27,O27,V27,B44) -> 0.29027778 | J44: =SUM(B27,I27,P27,W27,C44) -> 235 | K44: =SUM(C27,J27,Q27,X27,D44) -> 26 | L44: =SUM(D27,K27,R27,Y27,E44) -> 0.33571429 | M44: =SUM(E27,L27,S27,Z27,F44) -> 0.11818182 | O44: johnson
A45: ojukwu | B45: =SUM(F15:F21) -> 0 | E45: =C45/800 -> 0 | F45: =D46/220 -> 0 | H45: ojukwu | I45: =SUM(H28,O28,V28,B45) -> 0.15694444 | J45: =SUM(B28,I28,P28,W28,C45) -> 205 | K45: =SUM(C29,J28,Q28,X28,D46) -> 5 | L45: =SUM(D28,K28,R28,Y28,E45) -> 0.25625 | M45: =SUM(E28,L28,S28,Z28,F45) -> 0.022727273 | O45: ojukwu
A46: twidale | B46: =SUM(G15:G21) -> 0.078472222 | E46: =C46/820 -> 0 | F46: =D46/820 -> 0 | H46: twidale | I46: =SUM(H29,O29,V29,B46) -> 1.9076389 | J46: =SUM(B29,I29,P29,W29,C46) -> 568 | K46: =SUM(C30,J29,Q29,X29,D47) -> 55 | L46: =SUM(D29,K29,R29,Y29,E46) -> 0.69268293 | M46: =SUM(E29,L29,S29,Z29,F46) -> 0.22916667 | O46: maul
A47: mccallop | B47: =SUM(H15:H21) -> 0 | E47: =C47/620 -> 0 | F47: =D47/820 -> 0 | H47: mccallop | I47: =SUM(H30,O30,V30,B47) -> 0 | J47: =SUM(B30,I30,P30,W30,C47) -> 152 | K47: =SUM(C31,J30,Q30,X30,D48) -> 7 | L47: =SUM(D30,K30,R30,Y30,E47) -> 0.24516129 | M47: =SUM(E30,L30,S30,Z30,F47) -> 0.077777778 | O47: lanagarita
A48: maul | B48: =SUM(I15:I21) -> 0.078472222 | E48: =C48/820 -> 0 | F48: =D48/820 -> 0 | H48: maul | I48: =SUM(H31,O31,V31,B48) -> 1.1777778 | J48: =SUM(B31,I31,P31,W31,C48) -> 478 | K48: =SUM(C32,J31,Q31,X31,D49) -> 63 | L48: =SUM(D31,K31,R31,Y31,E48) -> 0.58292683 | M48: =SUM(E31,L31,S31,Z31,F48) -> 0.315 | O48: drosouni
A49: langarita | B49: =SUM(J15:J21) -> 0 | E49: =C49/505 -> 0 | F49: =D49/820 -> 0 | H49: langarita | I49: =SUM(H32,O32,V32,B49) -> 0.60347222 | J49: =SUM(B32,I32,P32,W32,C49) -> 236 | K49: =SUM(C33,J32,Q32,X32,D50) -> 15 | L49: =SUM(D32,K32,R32,Y32,E49) -> 0.46732673 | M49: =SUM(E32,L32,S32,Z32,F49) -> 0.35714286 | O49: morris
A50: drosouni | B50: =SUM(K15:K21) -> 0 | E50: =C50/740 -> 0 | F50: =D50/820 -> 0 | H50: drosouni | I50: =SUM(H33,O33,V33,B50) -> 0 | J50: =SUM(B33,I33,P33,W33,C50) -> 202 | K50: =SUM(C34,J33,Q33,X33,D51) -> 4 | L50: =SUM(D33,K33,R33,Y33,E50) -> 0.27297297 | M50: =SUM(E33,L33,S33,Z33,F50) -> 0.018604651 | O50: walker
A51: morris | B51: =SUM(L15:L21) -> 0.078472222 | E51: =C51/800 -> 0 | F51: =D51/820 -> 0 | H51: morris | I51: =SUM(H34,O34,V34,B51) -> 1.9166667 | J51: =SUM(B34,I34,P34,W34,C51) -> 587 | K51: =SUM(C35,J34,Q34,X34,D52) -> 73 | L51: =SUM(D34,K34,R34,Y34,E51) -> 0.73375 | M51: =SUM(E34,L34,S34,Z34,F51) -> 0.42941176 | O51: bowes
A52: walker | B52: =SUM(M15:M21) -> 0.078472222 | E52: =C52/580 -> 0 | F52: =D52/820 -> 0 | H52: walker | I52: =SUM(H35,O35,V35,B52) -> 1.5965278 | J52: =SUM(B35,I35,P35,W35,C52) -> 500 | K52: =SUM(C36,J35,Q35,X35,D53) -> 37 | L52: =SUM(D35,K35,R35,Y35,E52) -> 0.86206897 | M52: =SUM(E35,L35,S35,Z35,F52) -> 0.49333333
A53: bowes | B53: =SUM(N15:N21) -> 0 | E53: =C53/720 -> 0 | F53: =D53/820 -> 0 | H53: bowes | I53: =SUM(H36,O36,V36,B53) -> 0 | J53: =SUM(B36,I36,P36,W36,C53) -> 168 | K53: =SUM(D53,C36,J36,Q36,X36) -> 4 | L53: =SUM(D36,K36,R36,Y36,E53) -> 0.23333333 | M53: =SUM(E36,L36,S36,Z36,F53) -> 0.04
A54: TOTALS | B54: =SUM(B41:B53) -> 0.39236111 | E54: =SUM(E41:E53) -> 0 | F54: =SUM(F41:F53) -> 0 | H54: TOTALS | I54: =SUM(H37,O37,V37,B54) -> 6.8715278 | J54: =SUM(B37,I37,P37,W37,C54) -> 163.83333 | K54: =SUM(C37,J37,Q37,X37,D54) -> 3.4166667 | L54: =SUM(D37,K37,R37,Y37,E54) -> 5.9702984 | M54: =SUM(M41:M53) -> 2.6256705

Sheet gamemins_sjsu
B1: sheppard | C1: barnes | D1: donez | E1: johnson | F1: ojukwu | G1: twidale | H1: mccallop | I1: maul | J1: langarita | K1: drosouni | L1: morris | M1: walker | N1: bowes
A2: quarter | B2: time in | C2: time in | D2: time in | E2: time in | F2: time in | G2: time in | H2: time in | I2: time in | J2: time in | K2: time in | L2: time in | M2: time in | N2: time in
A3: 1 | B3: 0.22430556 | C3: 0.22430556 | D3: 0.30138889 | E3: 0.30138889 | G3: 0.22430556 | H3: 0.30138889 | I3: 0.24027778 | J3: 0.30138889 | K3: 0.072222222 | L3: 0.22430556 | M3: 0.22430556
B4: 0.10833333 | C4: 0.10833333 | D4: 0.00625 | E4: 0.00625 | G4: 0.10833333 | H4: 0.00625 | J4: 0.00625 | K4: 0.00625 | L4: 0.10833333 | M4: 0.10833333
A7: 2 | B7: 0.15138889 | C7: 0.31875 | D7: 0.12916667 | E7: 0.049305556 | F7: 0.31875 | G7: 0.31875 | H7: 0.13888889 | I7: 0.049305556 | K7: 0.16736111 | L7: 0.31875 | M7: 0.085416667
C8: 0.12916667 | D8: 0.25625 | F8: 0.043055556 | G8: 0.12916667 | H8: 0.036805556 | L8: 0.12916667 | M8: 0.25625
C9: 0.25625 | D9: 0.036805556 | F9: 0.086111111 | G9: 0.25625 | L9: 0.11666667
C10: 0.086111111 | G10: 0.036805556 | L10: 0.049305556
A11: 3 | C11: 0.29652778 | D11: 0.29652778 | E11: 0.045138889 | F11: 0.084027778 | G11: 0.29652778 | H11: 0.099305556 | I11: 0.084027778 | L11: 0.2125 | M11: 0.2125
C12: 0.23680556 | D12: 0.23680556 | F12: 0.23680556 | G12: 0.23680556 | I12: 0.33680556 | L12: 0.099305556 | M12: 0.099305556
A15: 4 | E15: 0.2625 | F15: 0.041666667 | H15: 0.2625 | K15: 0.2625 | L15: 0.2625 | M15: 0.2625 | N15: 0.2625
E16: 0.041666667 | F16: 0.29375 | H16: 0.041666667 | K16: 0.041666667 | L16: 0.041666667
E17: 0.29375 | H17: 0.29375 | K17: 0.29375 | L17: 0.03125
A23: player | B23: total PL | C23: high PL | D23: tPL % | E23: hPL % | G23: player | H23: mins | I23: total PL | J23: high PL | K23: tPL % | L23: hPL % | N23: player | O23: mins | P23: total PL | Q23: high PL | R23: tPL % | S23: hPL % | U23: player | V23: mins | W23: total PL | X23: high PL | Y23: tPL % | Z23: hPL %
A24: sheppard | B24: 110 | C24: 5 | D24: =B24/750 -> 0.14666667 | E24: =C24/200 -> 0.025 | G24: sheppard | H24: =SUM(B3:B6) -> 0.33263889 | I24: 113 | J24: 41 | K24: =I24/750 -> 0.15066667 | L24: =J24/200 -> 0.205 | N24: sheppard | O24: =SUM(B7:B10) -> 0.15138889 | P24: 39 | Q24: 17 | R24: =P24/750 -> 0.052 | S24: =Q24/200 -> 0.085 | U24: sheppard | V24: =SUM(B11:B14) -> 0 | Y24: =W24/750 -> 0 | Z24: =X24/200 -> 0
A25: barnes | B25: 98 | C25: 1 | D25: =B25/720 -> 0.13611111 | E25: =C25/65 -> 0.015384615 | G25: barnes | H25: =SUM(C3:C6) -> 0.33263889 | I25: 74 | J25: 5 | K25: =I25/720 -> 0.10277778 | L25: =J25/65 -> 0.076923077 | N25: barnes | O25: =SUM(C7:C10) -> 0.79027778 | P25: 152 | Q25: 9 | R25: =P25/720 -> 0.21111111 | S25: =Q25/65 -> 0.13846154 | U25: barnes | V25: =SUM(C11:C14) -> 0.53333333 | W25: 124 | X25: 7 | Y25: =W25/720 -> 0.17222222 | Z25: =X25/65 -> 0.10769231
A26: donez | B26: 109 | C26: 2 | D26: =B26/750 -> 0.14533333 | E26: =C26/185 -> 0.010810811 | G26: donez | H26: =SUM($D3:$D6) -> 0.30763889 | I26: 63 | J26: 9 | K26: =I26/750 -> 0.084 | L26: =J26/185 -> 0.048648649 | N26: donez | O26: =SUM(D7:D10) -> 0.42222222 | P26: 97 | Q26: 15 | R26: =P26/750 -> 0.12933333 | S26: =Q26/185 -> 0.081081081 | U26: donez | V26: =SUM(D11:D14) -> 0.53333333 | W26: 136 | X26: 17 | Y26: =W26/750 -> 0.18133333 | Z26: =X26/185 -> 0.091891892
A27: johnson | B27: 105 | C27: 2 | D27: =B27/700 -> 0.15 | E27: =C27/220 -> 0.0090909091 | G27: johnson | H27: =SUM(E3:E6) -> 0.30763889 | I27: 91 | J27: 25 | K27: =I27/700 -> 0.13 | L27: =J27/220 -> 0.11363636 | N27: johnson | O27: =SUM(E7:E10) -> 0.049305556 | P27: 14 | Q27: 4 | R27: =P27/700 -> 0.02 | S27: =Q27/220 -> 0.018181818 | U27: johnson | V27: =SUM(E11:E14) -> 0.045138889 | W27: 6 | X27: 0 | Y27: =W27/700 -> 0.0085714286 | Z27: =X27/220 -> 0
A28: ojukwu | B28: 82 | C28: 1 | D28: =B28/800 -> 0.1025 | E28: =C29/220 -> 0.022727273 | G28: ojukwu | H28: =SUM(F3:F6) -> 0 | K28: =I28/800 -> 0 | L28: =J28/220 -> 0 | N28: ojukwu | O28: =SUM(F7:F10) -> 0.44791667 | P28: 96 | Q28: 15 | R28: =P28/800 -> 0.12 | S28: =Q28/220 -> 0.068181818 | U28: ojukwu | V28: =SUM(F11:F14) -> 0.32083333 | W28: 83 | X28: 9 | Y28: =W28/800 -> 0.10375 | Z28: =X28/220 -> 0.040909091
A29: twidale | B29: 106 | C29: 5 | D29: =B29/820 -> 0.12926829 | E29: =C30/240 -> 0.0125 | G29: twidale | H29: =SUM(G3:G6) -> 0.33263889 | I29: 91 | J29: 17 | K29: =I29/820 -> 0.11097561 | L29: =J29/240 -> 0.070833333 | N29: twidale | O29: =SUM(G7:G10) -> 0.74097222 | P29: 152 | Q29: 28 | R29: =P29/820 -> 0.18536585 | S29: =Q29/240 -> 0.11666667 | U29: twidale | V29: =SUM(G11:G14) -> 0.53333333 | W29: 144 | X29: 22 | Y29: =W29/820 -> 0.17560976 | Z29: =X29/240 -> 0.091666667
A30: mccallop | B30: 100 | C30: 3 | D30: =B30/620 -> 0.16129032 | E30: =C31/90 -> 0.055555556 | G30: mccallop | H30: =SUM(H3:H6) -> 0.30763889 | I30: 76 | J30: 25 | K30: =I30/620 -> 0.12258065 | L30: =J30/90 -> 0.27777778 | N30: mccallop | O30: =SUM(H7:H10) -> 0.17569444 | P30: 51 | Q30: 14 | R30: =P30/620 -> 0.082258065 | S30: =Q30/90 -> 0.15555556 | U30: mccallop | V30: =SUM(H11:H14) -> 0.099305556 | W30: 18 | X30: 2 | Y30: =W30/620 -> 0.029032258 | Z30: =X30/90 -> 0.022222222
A31: maul | B31: 110 | C31: 5 | D31: =B31/820 -> 0.13414634 | E31: =C32/200 -> 0.005 | G31: maul | H31: =SUM(I3:I6) -> 0.24027778 | I31: 63 | J31: 63 | K31: =I31/820 -> 0.076829268 | L31: =J31/200 -> 0.315 | N31: maul | O31: =SUM(I7:I10) -> 0.049305556 | P31: 10 | Q31: 1 | R31: =P31/820 -> 0.012195122 | S31: =Q31/200 -> 0.005 | U31: maul | V31: =SUM(I11:I14) -> 0.42083333 | W31: 114 | X31: 17 | Y31: =W31/820 -> 0.13902439 | Z31: =X31/200 -> 0.085
A32: langarita | B32: 71 | C32: 1 | D32: =B32/505 -> 0.14059406 | E32: =C33/42 -> 0.33333333 | G32: langarita | H32: =SUM(J3:J6) -> 0.30763889 | I32: 55 | J32: 1 | K32: =I32/505 -> 0.10891089 | L32: =J32/42 -> 0.023809524 | N32: langarita | O32: =SUM(J7:J10) -> 0 | R32: =P32/505 -> 0 | S32: =Q32/42 -> 0 | U32: langarita | V32: =SUM(J11:J14) -> 0 | Y32: =W32/505 -> 0 | Z32: =X32/42 -> 0
A33: drosouni | B33: 139 | C33: 14 | D33: =B33/740 -> 0.18783784 | E33: =C34/215 -> 0.013953488 | G33: drosouni | H33: =SUM(K3:K6) -> 0.078472222 | I33: 17 | J33: 4 | K33: =I33/740 -> 0.022972973 | L33: =J33/215 -> 0.018604651 | N33: drosouni | O33: =SUM(K7:K10) -> 0.16736111 | P33: 47 | Q33: 17 | R33: =P33/740 -> 0.063513514 | S33: =Q33/215 -> 0.079069767 | U33: drosouni | V33: =SUM(K11:K14) -> 0 | Y33: =W33/740 -> 0 | Z33: =X33/215 -> 0
A34: morris | B34: 102 | C34: 3 | D34: =B34/800 -> 0.1275 | E34: =C35/170 -> 0 | G34: morris | H34: =SUM(L3:L6) -> 0.33263889 | I34: 92 | J34: 16 | K34: =I34/800 -> 0.115 | L34: =J34/170 -> 0.094117647 | N34: morris | O34: =SUM(L7:L10) -> 0.61388889 | P34: 125 | Q34: 15 | R34: =P34/800 -> 0.15625 | S34: =Q34/170 -> 0.088235294 | U34: morris | V34: =SUM(L11:L14) -> 0.31180556 | W34: 76 | X34: 12 | Y34: =W34/800 -> 0.095 | Z34: =X34/170 -> 0.070588235
A35: walker | B35: 55 | C35: 0 | D35: =B35/580 -> 0.094827586 | E35: =C36/75 -> 0.053333333 | G35: walker | H35: =SUM(M3:M6) -> 0.33263889 | I35: 73 | J35: 6 | K35: =I35/580 -> 0.12586207 | L35: =J35/75 -> 0.08 | N35: walker | O35: =SUM(M7:M10) -> 0.34166667 | P35: 72 | Q35: 12 | R35: =P35/580 -> 0.12413793 | S35: =Q35/75 -> 0.16 | U35: walker | V35: =SUM(M11:M14) -> 0.31180556 | W35: 64 | X35: 8 | Y35: =W35/580 -> 0.11034483 | Z35: =X35/75 -> 0.10666667
A36: bowes | B36: 115 | C36: 4 | D36: =B36/720 -> 0.15972222 | E36: =C36/100 -> 0.04 | G36: bowes | H36: =SUM(N3:N6) -> 0 | K36: =I36/720 -> 0 | L36: =J36/100 -> 0 | N36: bowes | O36: =SUM(N7:N10) -> 0 | R36: =P36/720 -> 0 | S36: =Q36/100 -> 0 | U36: bowes | V36: =SUM(N11:N14) -> 0 | Y36: =W36/720 -> 0 | Z36: =X36/100 -> 0
A37: TOTALS | B37: =AVERAGE(B24:B36) -> 100.15385 | C37: =AVERAGE(C24:C36) -> 3.5384615 | D37: =SUM(D24:D36) -> 1.8157978 | E37: =SUM(E24:E36) -> 0.59668932 | G37: TOTALS | H37: =SUM(H24:H36) -> 3.2125 | K37: =SUM(K24:K36) -> 1.1505759 | L37: =SUM(L24:L36) -> 1.324351 | N37: TOTALS | R37: =SUM(R24:R36) -> 1.1561649 | S37: =SUM(S24:S36) -> 0.99543354 | U37: TOTALS | V37: =SUM(V24:V36) -> 3.1097222 | Y37: =SUM(Y24:Y36) -> 1.0148882 | Z37: =SUM(Z24:Z36) -> 0.61663708
O39: game averages
A40: player | B40: mins | C40: total PL | D40: high PL | E40: tPL % | F40: hPL % | H40: player | I40: mins | J40: total PL | K40: high PL | L40: tPL threshold% | M40: hPL threshold% | O40: player | P40: total PL | Q40: high PL
A41: sheppard | B41: =SUM(B15:B21) -> 0 | E41: =C41/750 -> 0 | F41: =D41/200 -> 0 | H41: sheppard | I41: =SUM(H24,O24,V24,B41) -> 0.48402778 | J41: =SUM(B24,I24,P24,W24,C41) -> 262 | K41: =SUM(C24,J24,Q24,X24,D41) -> 63 | L41: =SUM(D24,K24,R24,Y24,E41) -> 0.34933333 | M41: =SUM(E24,L24,S24,Z24,F41) -> 0.315 | O41: sheppard
A42: barnes | B42: =SUM(C15:C21) -> 0 | E42: =C42/720 -> 0 | F42: =D42/65 -> 0 | H42: barnes | I42: =SUM(H25,O25,V25,B42) -> 1.65625 | J42: =SUM(B25,I25,P25,W25,C42) -> 448 | K42: =SUM(C25,J25,Q25,X25,D42) -> 22 | L42: =SUM(D25,K25,R25,Y25,E42) -> 0.62222222 | M42: =SUM(E25,L25,S25,Z25,F42) -> 0.33846154 | O42: barnes
A43: donez | B43: =SUM(D15:D21) -> 0 | E43: =C43/750 -> 0 | F43: =D43/185 -> 0 | H43: donez | I43: =SUM(H26,O26,V26,B43) -> 1.2631944 | J43: =SUM(B26,I26,P26,W26,C43) -> 405 | K43: =SUM(C26,J26,Q26,X26,D43) -> 43 | L43: =SUM(D26,K26,R26,Y26,E43) -> 0.54 | M43: =SUM(E26,L26,S26,Z26,F43) -> 0.23243243 | O43: donez
A44: johnson | B44: =SUM(E15:E21) -> 0.59791667 | C44: 160 | D44: 31 | E44: =C44/700 -> 0.22857143 | F44: =D44/220 -> 0.14090909 | H44: johnson | I44: =SUM(H27,O27,V27,B44) -> 1 | J44: =SUM(B27,I27,P27,W27,C44) -> 376 | K44: =SUM(C27,J27,Q27,X27,D44) -> 62 | L44: =SUM(D27,K27,R27,Y27,E44) -> 0.53714286 | M44: =SUM(E27,L27,S27,Z27,F44) -> 0.28181818 | O44: johnson
A45: ojukwu | B45: =SUM(F15:F21) -> 0.33541667 | C45: 69 | D45: 9 | E45: =C45/800 -> 0.08625 | F45: =D46/220 -> 0 | H45: ojukwu | I45: =SUM(H28,O28,V28,B45) -> 1.1041667 | J45: =SUM(B28,I28,P28,W28,C45) -> 330 | K45: =SUM(C29,J28,Q28,X28,D46) -> 29 | L45: =SUM(D28,K28,R28,Y28,E45) -> 0.4125 | M45: =SUM(E28,L28,S28,Z28,F45) -> 0.13181818 | O45: ojukwu
A46: twidale | B46: =SUM(G15:G21) -> 0 | E46: =C46/820 -> 0 | F46: =D46/820 -> 0 | H46: twidale | I46: =SUM(H29,O29,V29,B46) -> 1.6069444 | J46: =SUM(B29,I29,P29,W29,C46) -> 493 | K46: =SUM(C30,J29,Q29,X29,D47) -> 111 | L46: =SUM(D29,K29,R29,Y29,E46) -> 0.60121951 | M46: =SUM(E29,L29,S29,Z29,F46) -> 0.29166667 | O46: maul
A47: mccallop | B47: =SUM(H15:H21) -> 0.59791667 | C47: 160 | D47: 41 | E47: =C47/620 -> 0.25806452 | F47: =D47/820 -> 0.05 | H47: mccallop | I47: =SUM(H30,O30,V30,B47) -> 1.1805556 | J47: =SUM(B30,I30,P30,W30,C47) -> 405 | K47: =SUM(C31,J30,Q30,X30,D48) -> 46 | L47: =SUM(D30,K30,R30,Y30,E47) -> 0.65322581 | M47: =SUM(E30,L30,S30,Z30,F47) -> 0.56111111 | O47: lanagarita
A48: maul | B48: =SUM(I15:I21) -> 0 | E48: =C48/820 -> 0 | F48: =D48/820 -> 0 | H48: maul | I48: =SUM(H31,O31,V31,B48) -> 0.71041667 | J48: =SUM(B31,I31,P31,W31,C48) -> 297 | K48: =SUM(C32,J31,Q31,X31,D49) -> 82 | L48: =SUM(D31,K31,R31,Y31,E48) -> 0.36219512 | M48: =SUM(E31,L31,S31,Z31,F48) -> 0.41 | O48: drosouni
A49: langarita | B49: =SUM(J15:J21) -> 0 | E49: =C49/505 -> 0 | F49: =D49/820 -> 0 | H49: langarita | I49: =SUM(H32,O32,V32,B49) -> 0.30763889 | J49: =SUM(B32,I32,P32,W32,C49) -> 126 | K49: =SUM(C33,J32,Q32,X32,D50) -> 51 | L49: =SUM(D32,K32,R32,Y32,E49) -> 0.24950495 | M49: =SUM(E32,L32,S32,Z32,F49) -> 0.35714286 | O49: morris
A50: drosouni | B50: =SUM(K15:K21) -> 0.59791667 | C50: 181 | D50: 36 | E50: =C50/740 -> 0.24459459 | F50: =D50/820 -> 0.043902439 | H50: drosouni | I50: =SUM(H33,O33,V33,B50) -> 0.84375 | J50: =SUM(B33,I33,P33,W33,C50) -> 384 | K50: =SUM(C34,J33,Q33,X33,D51) -> 41 | L50: =SUM(D33,K33,R33,Y33,E50) -> 0.51891892 | M50: =SUM(E33,L33,S33,Z33,F50) -> 0.15553035 | O50: walker
A51: morris | B51: =SUM(L15:L21) -> 0.33541667 | C51: 97 | D51: 17 | E51: =C51/800 -> 0.12125 | F51: =D51/820 -> 0.020731707 | H51: morris | I51: =SUM(H34,O34,V34,B51) -> 1.59375 | J51: =SUM(B34,I34,P34,W34,C51) -> 492 | K51: =SUM(C35,J34,Q34,X34,D52) -> 52 | L51: =SUM(D34,K34,R34,Y34,E51) -> 0.615 | M51: =SUM(E34,L34,S34,Z34,F51) -> 0.27367288 | O51: bowes
A52: walker | B52: =SUM(M15:M21) -> 0.2625 | C52: 60 | D52: 9 | E52: =C52/580 -> 0.10344828 | F52: =D52/820 -> 0.01097561 | H52: walker | I52: =SUM(H35,O35,V35,B52) -> 1.2486111 | J52: =SUM(B35,I35,P35,W35,C52) -> 324 | K52: =SUM(C36,J35,Q35,X35,D53) -> 37 | L52: =SUM(D35,K35,R35,Y35,E52) -> 0.55862069 | M52: =SUM(E35,L35,S35,Z35,F52) -> 0.41097561
A53: bowes | B53: =SUM(N15:N21) -> 0.2625 | C53: 58 | D53: 7 | E53: =C53/720 -> 0.080555556 | F53: =D53/820 -> 0.0085365854 | H53: bowes | I53: =SUM(H36,O36,V36,B53) -> 0.2625 | J53: =SUM(B36,I36,P36,W36,C53) -> 173 | K53: =SUM(D53,C36,J36,Q36,X36) -> 11 | L53: =SUM(D36,K36,R36,Y36,E53) -> 0.24027778 | M53: =SUM(E36,L36,S36,Z36,F53) -> 0.048536585
A54: TOTALS | B54: =SUM(B41:B53) -> 2.9895833 | E54: =SUM(E41:E53) -> 1.1227344 | F54: =SUM(F41:F53) -> 0.27505543 | H54: TOTALS | I54: =SUM(H37,O37,V37,B54) -> 9.3118056 | J54: =SUM(B37,I37,P37,W37,C54) -> 100.15385 | K54: =SUM(C37,J37,Q37,X37,D54) -> 3.5384615 | L54: =AVERAGE(L41:L53) -> 0.48155086 | M54: =AVERAGE(M41:M53) -> 0.29293588

Sheet gamemins_idaho
B1: sheppard | C1: barnes | D1: donez | E1: johnson | F1: ojukwu | G1: twidale | H1: mccallop | I1: maul | J1: langarita | K1: drosouni | L1: morris | M1: walker | N1: bowes
A2: quarter | B2: time in | C2: time in | D2: time in | E2: time in | F2: time in | G2: time in | H2: time in | I2: time in | J2: time in | K2: time in | L2: time in | M2: time in | N2: time in
A3: 1 | B3: 0.16875 | C3: 0.16875 | D3: 0.13819444 | F3: 0.13819444 | G3: 0.16875 | I3: 0.13819444 | L3: 0.16875 | M3: 0.16875
B4: 0.41666667 | C4: 0.27847222 | G4: 10 | L4: 0.27847222 | M4: 0.27847222
A7: 2 | B7: 0.10277778 | C7: 0.36111111 | D7: 0.46388889 | F7: 0.36805556 | G7: 0.46388889 | I7: 0.46388889 | L7: 0.04375 | M7: 0.095833333
B8: 0.17291667 | D8: 0.17291667 | G8: 0.17291667 | I8: 0.17291667 | M8: 0.17291667
B9: 0.04375 | D9: 0.04375 | I9: 0.04375 | M9: 0.04375
A11: 3 | C11: 0.27013889 | G11: 0.36111111
G12: 0.19513889
A15: 4
A23: player | B23: total PL | C23: high PL | D23: tPL % | E23: hPL % | G23: player | H23: mins | I23: total PL | J23: high PL | K23: tPL % | L23: hPL % | N23: player | O23: mins | P23: total PL | Q23: high PL | R23: tPL % | S23: hPL % | U23: player | V23: mins | W23: total PL | X23: high PL | Y23: tPL % | Z23: hPL %
A24: sheppard | B24: 42 | C24: 0 | D24: =B24/750 -> 0.056 | E24: =C24/200 -> 0 | G24: sheppard | H24: =SUM(B3:B6) -> 0.58541667 | I24: 180 | J24: 55 | K24: =I24/750 -> 0.24 | L24: =J24/200 -> 0.275 | N24: sheppard | O24: =SUM(B7:B10) -> 0.31944444 | P24: 109 | Q24: 35 | R24: =P24/750 -> 0.14533333 | S24: =Q24/200 -> 0.175 | U24: sheppard | V24: =SUM(B11:B14) -> 0 | W24: 128 | X24: 33 | Y24: =W24/750 -> 0.17066667 | Z24: =X24/200 -> 0.165
A25: barnes | B25: 26 | C25: 0 | D25: =B25/720 -> 0.036111111 | E25: =C25/65 -> 0 | G25: barnes | H25: =SUM(C3:C6) -> 0.44722222 | I25: 110 | J25: 8 | K25: =I25/720 -> 0.15277778 | L25: =J25/65 -> 0.12307692 | N25: barnes | O25: =SUM(C7:C10) -> 0.36111111 | P25: 66 | Q25: 6 | R25: =P25/720 -> 0.091666667 | S25: =Q25/65 -> 0.092307692 | U25: barnes | V25: =SUM(C11:C14) -> 0.27013889 | W25: 62 | X25: 4 | Y25: =W25/720 -> 0.086111111 | Z25: =X25/65 -> 0.061538462
A26: donez | B26: 86 | C26: 1 | D26: =B26/750 -> 0.11466667 | E26: =C26/185 -> 0.0054054054 | G26: donez | H26: =SUM($D3:$D6) -> 0.13819444 | I26: 34 | J26: 4 | K26: =I26/750 -> 0.045333333 | L26: =J26/185 -> 0.021621622 | N26: donez | O26: =SUM(D7:D10) -> 0.68055556 | P26: 173 | Q26: 22 | R26: =P26/750 -> 0.23066667 | S26: =Q26/185 -> 0.11891892 | U26: donez | V26: =SUM(D11:D14) -> 0 | W26: 57 | X26: 7 | Y26: =W26/750 -> 0.076 | Z26: =X26/185 -> 0.037837838
A27: johnson | B27: 86 | C27: 1 | D27: =B27/700 -> 0.12285714 | E27: =C27/220 -> 0.0045454545 | G27: johnson | H27: =SUM(E3:E6) -> 0 | K27: =I27/700 -> 0 | L27: =J27/220 -> 0 | N27: johnson | O27: =SUM(E7:E10) -> 0 | R27: =P27/700 -> 0 | S27: =Q27/220 -> 0 | U27: johnson | V27: =SUM(E11:E14) -> 0 | Y27: =W27/700 -> 0 | Z27: =X27/220 -> 0
A28: ojukwu | B28: 62 | C28: 2 | D28: =B28/800 -> 0.0775 | E28: =C29/220 -> 0.0090909091 | G28: ojukwu | H28: =SUM(F3:F6) -> 0.13819444 | I28: 34 | J28: 8 | K28: =I28/800 -> 0.0425 | L28: =J28/220 -> 0.036363636 | N28: ojukwu | O28: =SUM(F7:F10) -> 0.36805556 | P28: 72 | Q28: 17 | R28: =P28/800 -> 0.09 | S28: =Q28/220 -> 0.077272727 | U28: ojukwu | V28: =SUM(F11:F14) -> 0 | W28: 51 | X28: 5 | Y28: =W28/800 -> 0.06375 | Z28: =X28/220 -> 0.022727273
A29: twidale | B29: 83 | C29: 2 | D29: =B29/820 -> 0.10121951 | E29: =C30/240 -> 0.033333333 | G29: twidale | H29: =SUM(G3:G6) -> 10.16875 | I29: 147 | J29: 17 | K29: =I29/820 -> 0.17926829 | L29: =J29/240 -> 0.070833333 | N29: twidale | O29: =SUM(G7:G10) -> 0.63680556 | P29: 138 | Q29: 20 | R29: =P29/820 -> 0.16829268 | S29: =Q29/240 -> 0.083333333 | U29: twidale | V29: =SUM(G11:G14) -> 0.55625 | W29: 159 | X29: 28 | Y29: =W29/820 -> 0.19390244 | Z29: =X29/240 -> 0.11666667
A30: mccallop | B30: 95 | C30: 8 | D30: =B30/620 -> 0.15322581 | E30: =C31/90 -> 0.011111111 | G30: mccallop | H30: =SUM(H3:H6) -> 0 | K30: =I30/620 -> 0 | L30: =J30/90 -> 0 | N30: mccallop | O30: =SUM(H7:H10) -> 0 | R30: =P30/620 -> 0 | S30: =Q30/90 -> 0 | U30: mccallop | V30: =SUM(H11:H14) -> 0 | Y30: =W30/620 -> 0 | Z30: =X30/90 -> 0
A31: maul | B31: 86 | C31: 1 | D31: =B31/820 -> 0.10487805 | E31: =C32/200 -> 0.02 | G31: maul | H31: =SUM(I3:I6) -> 0.13819444 | I31: 43 | J31: 43 | K31: =I31/820 -> 0.052439024 | L31: =J31/200 -> 0.215 | N31: maul | O31: =SUM(I7:I10) -> 0.68055556 | P31: 185 | Q31: 45 | R31: =P31/820 -> 0.22560976 | S31: =Q31/200 -> 0.225 | U31: maul | V31: =SUM(I11:I14) -> 0 | W31: 117 | X31: 25 | Y31: =W31/820 -> 0.14268293 | Z31: =X31/200 -> 0.125
A32: langarita | B32: 72 | C32: 4 | D32: =B32/505 -> 0.14257426 | E32: =C33/42 -> 0.047619048 | G32: langarita | H32: =SUM(J3:J6) -> 0 | K32: =I32/505 -> 0 | L32: =J32/42 -> 0 | N32: langarita | O32: =SUM(J7:J10) -> 0 | R32: =P32/505 -> 0 | S32: =Q32/42 -> 0 | U32: langarita | V32: =SUM(J11:J14) -> 0 | Y32: =W32/505 -> 0 | Z32: =X32/42 -> 0
A33: drosouni | B33: 107 | C33: 2 | D33: =B33/740 -> 0.14459459 | E33: =C34/215 -> 0 | G33: drosouni | H33: =SUM(K3:K6) -> 0 | K33: =I33/740 -> 0 | L33: =J33/215 -> 0 | N33: drosouni | O33: =SUM(K7:K10) -> 0 | R33: =P33/740 -> 0 | S33: =Q33/215 -> 0 | U33: drosouni | V33: =SUM(K11:K14) -> 0 | Y33: =W33/740 -> 0 | Z33: =X33/215 -> 0
A34: morris | B34: 89 | C34: 0 | D34: =B34/800 -> 0.11125 | E34: =C35/170 -> 0.011764706 | G34: morris | H34: =SUM(L3:L6) -> 0.44722222 | I34: 132 | J34: 18 | K34: =I34/800 -> 0.165 | L34: =J34/170 -> 0.10588235 | N34: morris | O34: =SUM(L7:L10) -> 0.04375 | P34: 14 | Q34: 3 | R34: =P34/800 -> 0.0175 | S34: =Q34/170 -> 0.017647059 | U34: morris | V34: =SUM(L11:L14) -> 0 | W34: 179 | X34: 32 | Y34: =W34/800 -> 0.22375 | Z34: =X34/170 -> 0.18823529
A35: walker | B35: 90 | C35: 2 | D35: =B35/580 -> 0.15517241 | E35: =C36/75 -> 0 | G35: walker | H35: =SUM(M3:M6) -> 0.44722222 | I35: 118 | J35: 12 | K35: =I35/580 -> 0.20344828 | L35: =J35/75 -> 0.16 | N35: walker | O35: =SUM(M7:M10) -> 0.3125 | P35: 80 | Q35: 6 | R35: =P35/580 -> 0.13793103 | S35: =Q35/75 -> 0.08 | U35: walker | V35: =SUM(M11:M14) -> 0 | W35: 98 | X35: 13 | Y35: =W35/580 -> 0.16896552 | Z35: =X35/75 -> 0.17333333
A36: bowes | B36: 79 | D36: =B36/720 -> 0.10972222 | E36: =C36/100 -> 0 | G36: bowes | H36: =SUM(N3:N6) -> 0 | K36: =I36/720 -> 0 | L36: =J36/100 -> 0 | N36: bowes | O36: =SUM(N7:N10) -> 0 | R36: =P36/720 -> 0 | S36: =Q36/100 -> 0 | U36: bowes | V36: =SUM(N11:N14) -> 0 | Y36: =W36/720 -> 0 | Z36: =X36/100 -> 0
A37: TOTALS | B37: =AVERAGE(B24:B36) -> 77.153846 | C37: =AVERAGE(C24:C36) -> 1.9166667 | D37: =SUM(D24:D36) -> 1.4297718 | E37: =SUM(E24:E36) -> 0.14286997 | G37: TOTALS | H37: =SUM(H24:H36) -> 12.510417 | K37: =SUM(K24:K36) -> 1.0807667 | L37: =SUM(L24:L36) -> 1.0077779 | N37: TOTALS | R37: =SUM(R24:R36) -> 1.1070001 | S37: =SUM(S24:S36) -> 0.86947973 | U37: TOTALS | V37: =SUM(V24:V36) -> 0.82638889 | Y37: =SUM(Y24:Y36) -> 1.1258287 | Z37: =SUM(Z24:Z36) -> 0.89033887
O39: game averages
A40: player | B40: mins | C40: total PL | D40: high PL | E40: tPL % | F40: hPL % | H40: player | I40: mins | J40: total PL | K40: high PL | L40: tPL threshold% | M40: hPL threshold% | O40: player | P40: total PL | Q40: high PL
A41: sheppard | B41: =SUM(B15:B21) -> 0 | E41: =C41/750 -> 0 | F41: =D41/200 -> 0 | H41: sheppard | I41: =SUM(H24,O24,V24,B41) -> 0.90486111 | J41: =SUM(B24,I24,P24,W24,C41) -> 459 | K41: =SUM(C24,J24,Q24,X24,D41) -> 123 | L41: =SUM(D24,K24,R24,Y24,E41) -> 0.612 | M41: =SUM(E24,L24,S24,Z24,F41) -> 0.615 | O41: sheppard
A42: barnes | B42: =SUM(C15:C21) -> 0 | E42: =C42/720 -> 0 | F42: =D42/65 -> 0 | H42: barnes | I42: =SUM(H25,O25,V25,B42) -> 1.0784722 | J42: =SUM(B25,I25,P25,W25,C42) -> 264 | K42: =SUM(C25,J25,Q25,X25,D42) -> 18 | L42: =SUM(D25,K25,R25,Y25,E42) -> 0.36666667 | M42: =SUM(E25,L25,S25,Z25,F42) -> 0.27692308 | O42: barnes
A43: donez | B43: =SUM(D15:D21) -> 0 | E43: =C43/750 -> 0 | F43: =D43/185 -> 0 | H43: donez | I43: =SUM(H26,O26,V26,B43) -> 0.81875 | J43: =SUM(B26,I26,P26,W26,C43) -> 350 | K43: =SUM(C26,J26,Q26,X26,D43) -> 34 | L43: =SUM(D26,K26,R26,Y26,E43) -> 0.46666667 | M43: =SUM(E26,L26,S26,Z26,F43) -> 0.18378378 | O43: donez
A44: johnson | B44: =SUM(E15:E21) -> 0 | E44: =C44/700 -> 0 | F44: =D44/220 -> 0 | H44: johnson | I44: =SUM(H27,O27,V27,B44) -> 0 | J44: =SUM(B27,I27,P27,W27,C44) -> 86 | K44: =SUM(C27,J27,Q27,X27,D44) -> 1 | L44: =SUM(D27,K27,R27,Y27,E44) -> 0.12285714 | M44: =SUM(E27,L27,S27,Z27,F44) -> 0.0045454545 | O44: johnson
A45: ojukwu | B45: =SUM(F15:F21) -> 0 | E45: =C45/800 -> 0 | F45: =D46/220 -> 0 | H45: ojukwu | I45: =SUM(H28,O28,V28,B45) -> 0.50625 | J45: =SUM(B28,I28,P28,W28,C45) -> 219 | K45: =SUM(C29,J28,Q28,X28,D46) -> 32 | L45: =SUM(D28,K28,R28,Y28,E45) -> 0.27375 | M45: =SUM(E28,L28,S28,Z28,F45) -> 0.14545455 | O45: ojukwu
A46: twidale | B46: =SUM(G15:G21) -> 0 | E46: =C46/820 -> 0 | F46: =D46/820 -> 0 | H46: twidale | I46: =SUM(H29,O29,V29,B46) -> 11.361806 | J46: =SUM(B29,I29,P29,W29,C46) -> 527 | K46: =SUM(C30,J29,Q29,X29,D47) -> 73 | L46: =SUM(D29,K29,R29,Y29,E46) -> 0.64268293 | M46: =SUM(E29,L29,S29,Z29,F46) -> 0.30416667 | O46: maul
A47: mccallop | B47: =SUM(H15:H21) -> 0 | E47: =C47/620 -> 0 | F47: =D47/820 -> 0 | H47: mccallop | I47: =SUM(H30,O30,V30,B47) -> 0 | J47: =SUM(B30,I30,P30,W30,C47) -> 95 | K47: =SUM(C31,J30,Q30,X30,D48) -> 1 | L47: =SUM(D30,K30,R30,Y30,E47) -> 0.15322581 | M47: =SUM(E30,L30,S30,Z30,F47) -> 0.011111111 | O47: lanagarita
A48: maul | B48: =SUM(I15:I21) -> 0 | E48: =C48/820 -> 0 | F48: =D48/820 -> 0 | H48: maul | I48: =SUM(H31,O31,V31,B48) -> 0.81875 | J48: =SUM(B31,I31,P31,W31,C48) -> 431 | K48: =SUM(C32,J31,Q31,X31,D49) -> 117 | L48: =SUM(D31,K31,R31,Y31,E48) -> 0.52560976 | M48: =SUM(E31,L31,S31,Z31,F48) -> 0.585 | O48: drosouni
A49: langarita | B49: =SUM(J15:J21) -> 0 | E49: =C49/505 -> 0 | F49: =D49/820 -> 0 | H49: langarita | I49: =SUM(H32,O32,V32,B49) -> 0 | J49: =SUM(B32,I32,P32,W32,C49) -> 72 | K49: =SUM(C33,J32,Q32,X32,D50) -> 2 | L49: =SUM(D32,K32,R32,Y32,E49) -> 0.14257426 | M49: =SUM(E32,L32,S32,Z32,F49) -> 0.047619048 | O49: morris
A50: drosouni | B50: =SUM(K15:K21) -> 0 | E50: =C50/740 -> 0 | F50: =D50/820 -> 0 | H50: drosouni | I50: =SUM(H33,O33,V33,B50) -> 0 | J50: =SUM(B33,I33,P33,W33,C50) -> 107 | K50: =SUM(C34,J33,Q33,X33,D51) -> 0 | L50: =SUM(D33,K33,R33,Y33,E50) -> 0.14459459 | M50: =SUM(E33,L33,S33,Z33,F50) -> 0 | O50: walker
A51: morris | B51: =SUM(L15:L21) -> 0 | E51: =C51/800 -> 0 | F51: =D51/820 -> 0 | H51: morris | I51: =SUM(H34,O34,V34,B51) -> 0.49097222 | J51: =SUM(B34,I34,P34,W34,C51) -> 414 | K51: =SUM(C35,J34,Q34,X34,D52) -> 55 | L51: =SUM(D34,K34,R34,Y34,E51) -> 0.5175 | M51: =SUM(E34,L34,S34,Z34,F51) -> 0.32352941 | O51: bowes
A52: walker | B52: =SUM(M15:M21) -> 0 | E52: =C52/580 -> 0 | F52: =D52/820 -> 0 | H52: walker | I52: =SUM(H35,O35,V35,B52) -> 0.75972222 | J52: =SUM(B35,I35,P35,W35,C52) -> 386 | K52: =SUM(C36,J35,Q35,X35,D53) -> 31 | L52: =SUM(D35,K35,R35,Y35,E52) -> 0.66551724 | M52: =SUM(E35,L35,S35,Z35,F52) -> 0.41333333
A53: bowes | B53: =SUM(N15:N21) -> 0 | E53: =C53/720 -> 0 | F53: =D53/820 -> 0 | H53: bowes | I53: =SUM(H36,O36,V36,B53) -> 0 | J53: =SUM(B36,I36,P36,W36,C53) -> 79 | K53: =SUM(D53,C36,J36,Q36,X36) -> 0 | L53: =SUM(D36,K36,R36,Y36,E53) -> 0.10972222 | M53: =SUM(E36,L36,S36,Z36,F53) -> 0
A54: TOTALS | B54: =SUM(B41:B53) -> 0 | E54: =SUM(E41:E53) -> 0 | F54: =SUM(F41:F53) -> 0 | H54: TOTALS | I54: =SUM(H37,O37,V37,B54) -> 13.336806 | J54: =SUM(B37,I37,P37,W37,C54) -> 77.153846 | K54: =SUM(C37,J37,Q37,X37,D54) -> 1.9166667 | L54: =AVERAGE(L41:L53) -> 0.36487441 | M54: =AVERAGE(M41:M53) -> 0.22388203

Sheet gamemins_stanford
B1: sheppard | C1: barnes | D1: donez | E1: johnson | F1: ojukwu | G1: twidale | H1: mccallop | I1: maul | J1: langarita | K1: drosouni | L1: morris | M1: walker | N1: bowes
A2: quarter | B2: time in | C2: time in | D2: time in | E2: time in | F2: time in | G2: time in | H2: time in | I2: time in | J2: time in | K2: time in | L2: time in | M2: time in | N2: time in
A3: 1 | B3: 0.32152778 | C3: 0.32152778 | D3: 0.19166667 | F3: 0.029861111 | G3: 0.32152778 | I3: 0.35277778 | L3: 0.32152778 | M3: 0.29166667
B4: 0.23680556 | C4: 0.31736111 | F4: 0.26527778 | G4: 0.16111111 | L4: 0.11597222 | M4: 0.0875
B5: 0.035416667
A7: 2 | B7: 0.36041667 | C7: 0.21319444 | D7: 0.21319444 | F7: 0.28888889 | G7: 0.097916667 | I7: 0.21319444 | L7: 0.21319444 | M7: 0.21319444
C8: 0.36041667 | D8: 0.093055556 | I8: 0.16944444 | L8: 0.36041667 | M8: 0.071527778
A11: 3 | B11: 0.35 | C11: 0.35 | F11: 0.15902778 | G11: 0.31527778 | I11: 0.034027778 | L11: 0.35 | M11: 0.35
B12: 0.33263889 | C12: 0.33263889 | I12: 0.33263889 | L12: 0.33263889 | M12: 0.17291667
A15: 4 | B15: 0.079861111 | C15: 0.31805556 | D15: 0.11875 | F15: 0.21180556 | G15: 0.2375 | I15: 0.31736111 | L15: 0.31736111 | M15: 0.10347222
B16: 0.13125 | C16: 0.13125 | D16: 0.011111111 | F16: 0.049305556 | G16: 0.084027778 | I16: 0.13125 | L16: 0.13125 | M16: 0.08125
B17: 0.225 | C17: 0.14097222 | D17: 0.032638889 | I17: 0.34444444 | L17: 0.34444444 | M17: 0.34444444
C18: 0.084722222 | I18: 0.011111111 | L18: 0.011111111 | M18: 0.011111111
C19: 0.011111111 | I19: 0.032638889 | L19: 0.032638889 | M19: 0.032638889
A23: player | B23: total PL | C23: high PL | D23: tPL % | E23: hPL % | G23: player | H23: mins | I23: total PL | J23: high PL | K23: tPL % | L23: hPL % | N23: player | O23: mins | P23: total PL | Q23: high PL | R23: tPL % | S23: hPL % | U23: player | V23: mins | W23: total PL | X23: high PL | Y23: tPL % | Z23: hPL %
A24: sheppard | B24: 171 | C24: 3 | D24: =B24/750 -> 0.228 | E24: =C24/200 -> 0.015 | G24: sheppard | H24: =SUM(B3:B6) -> 0.59375 | I24: 172 | J24: 58 | K24: =I24/750 -> 0.22933333 | L24: =J24/200 -> 0.29 | N24: sheppard | O24: =SUM(B7:B10) -> 0.36041667 | P24: 103 | Q24: 36 | R24: =P24/750 -> 0.13733333 | S24: =Q24/200 -> 0.18 | U24: sheppard | V24: =SUM(B11:B14) -> 0.68263889 | W24: 151 | X24: 35 | Y24: =W24/750 -> 0.20133333 | Z24: =X24/200 -> 0.175
A25: barnes | B25: 163 | C25: 0 | D25: =B25/720 -> 0.22638889 | E25: =C25/65 -> 0 | G25: barnes | H25: =SUM(C3:C6) -> 0.63888889 | I25: 141 | J25: 13 | K25: =I25/720 -> 0.19583333 | L25: =J25/65 -> 0.2 | N25: barnes | O25: =SUM(C7:C10) -> 0.57361111 | P25: 133 | Q25: 11 | R25: =P25/720 -> 0.18472222 | S25: =Q25/65 -> 0.16923077 | U25: barnes | V25: =SUM(C11:C14) -> 0.68263889 | W25: 148 | X25: 8 | Y25: =W25/720 -> 0.20555556 | Z25: =X25/65 -> 0.12307692
A26: donez | B26: 167 | C26: 1 | D26: =B26/750 -> 0.22266667 | E26: =C26/185 -> 0.0054054054 | G26: donez | H26: =SUM($D3:$D6) -> 0.19166667 | I26: 45 | J26: 6 | K26: =I26/750 -> 0.06 | L26: =J26/185 -> 0.032432432 | N26: donez | O26: =SUM(D7:D10) -> 0.30625 | P26: 88 | Q26: 15 | R26: =P26/750 -> 0.11733333 | S26: =Q26/185 -> 0.081081081 | U26: donez | V26: =SUM(D11:D14) -> 0 | Y26: =W26/750 -> 0 | Z26: =X26/185 -> 0
A27: johnson | B27: 153 | C27: 1 | D27: =B27/700 -> 0.21857143 | E27: =C27/220 -> 0.0045454545 | G27: johnson | H27: =SUM(E3:E6) -> 0 | K27: =I27/700 -> 0 | L27: =J27/220 -> 0 | N27: johnson | O27: =SUM(E7:E10) -> 0 | R27: =P27/700 -> 0 | S27: =Q27/220 -> 0 | U27: johnson | V27: =SUM(E11:E14) -> 0 | Y27: =W27/700 -> 0 | Z27: =X27/220 -> 0
A28: ojukwu | B28: 170 | C28: 0 | D28: =B28/800 -> 0.2125 | E28: =C29/220 -> 0.022727273 | G28: ojukwu | H28: =SUM(F3:F6) -> 0.29513889 | I28: 65 | J28: 11 | K28: =I28/800 -> 0.08125 | L28: =J28/220 -> 0.05 | N28: ojukwu | O28: =SUM(F7:F10) -> 0.28888889 | P28: 71 | Q28: 11 | R28: =P28/800 -> 0.08875 | S28: =Q28/220 -> 0.05 | U28: ojukwu | V28: =SUM(F11:F14) -> 0.15902778 | W28: 36 | X28: 5 | Y28: =W28/800 -> 0.045 | Z28: =X28/220 -> 0.022727273
A29: twidale | B29: 156 | C29: 5 | D29: =B29/820 -> 0.1902439 | E29: =C30/240 -> 0.020833333 | G29: twidale | H29: =SUM(G3:G6) -> 0.48263889 | I29: 110 | J29: 16 | K29: =I29/820 -> 0.13414634 | L29: =J29/240 -> 0.066666667 | N29: twidale | O29: =SUM(G7:G10) -> 0.097916667 | P29: 21 | Q29: 5 | R29: =P29/820 -> 0.025609756 | S29: =Q29/240 -> 0.020833333 | U29: twidale | V29: =SUM(G11:G14) -> 0.31527778 | W29: 90 | X29: 15 | Y29: =W29/820 -> 0.1097561 | Z29: =X29/240 -> 0.0625
A30: mccallop | B30: 180 | C30: 5 | D30: =B30/620 -> 0.29032258 | E30: =C31/90 -> 0.088888889 | G30: mccallop | H30: =SUM(H3:H6) -> 0 | K30: =I30/620 -> 0 | L30: =J30/90 -> 0 | N30: mccallop | O30: =SUM(H7:H10) -> 0 | R30: =P30/620 -> 0 | S30: =Q30/90 -> 0 | U30: mccallop | V30: =SUM(H11:H14) -> 0 | Y30: =W30/620 -> 0 | Z30: =X30/90 -> 0
A31: maul | B31: 225 | C31: 8 | D31: =B31/820 -> 0.27439024 | E31: =C32/200 -> 0 | G31: maul | H31: =SUM(I3:I6) -> 0.35277778 | I31: 89 | J31: 17 | K31: =I31/820 -> 0.10853659 | L31: =J31/200 -> 0.085 | N31: maul | O31: =SUM(I7:I10) -> 0.38263889 | P31: 98 | Q31: 14 | R31: =P31/820 -> 0.1195122 | S31: =Q31/200 -> 0.07 | U31: maul | V31: =SUM(I11:I14) -> 0.36666667 | W31: 89 | X31: 16 | Y31: =W31/820 -> 0.10853659 | Z31: =X31/200 -> 0.08
A32: langarita | B32: 123 | C32: 0 | D32: =B32/505 -> 0.24356436 | E32: =C33/42 -> 0.16666667 | G32: langarita | H32: =SUM(J3:J6) -> 0 | K32: =I32/505 -> 0 | L32: =J32/42 -> 0 | N32: langarita | O32: =SUM(J7:J10) -> 0 | R32: =P32/505 -> 0 | S32: =Q32/42 -> 0 | U32: langarita | V32: =SUM(J11:J14) -> 0 | Y32: =W32/505 -> 0 | Z32: =X32/42 -> 0
A33: drosouni | B33: 219 | C33: 7 | D33: =B33/740 -> 0.29594595 | E33: =C34/215 -> 0.013953488 | G33: drosouni | H33: =SUM(K3:K6) -> 0 | K33: =I33/740 -> 0 | L33: =J33/215 -> 0 | N33: drosouni | O33: =SUM(K7:K10) -> 0 | R33: =P33/740 -> 0 | S33: =Q33/215 -> 0 | U33: drosouni | V33: =SUM(K11:K14) -> 0 | Y33: =W33/740 -> 0 | Z33: =X33/215 -> 0
A34: morris | B34: 189 | C34: 3 | D34: =B34/800 -> 0.23625 | E34: =C35/170 -> 0 | G34: morris | H34: =SUM(L3:L6) -> 0.4375 | I34: 123 | J34: 21 | K34: =I34/800 -> 0.15375 | L34: =J34/170 -> 0.12352941 | N34: morris | O34: =SUM(L7:L10) -> 0.57361111 | P34: 155 | Q34: 29 | R34: =P34/800 -> 0.19375 | S34: =Q34/170 -> 0.17058824 | U34: morris | V34: =SUM(L11:L14) -> 0.68263889 | W34: 159 | X34: 27 | Y34: =W34/800 -> 0.19875 | Z34: =X34/170 -> 0.15882353
A35: walker | B35: 134 | C35: 0 | D35: =B35/580 -> 0.23103448 | E35: =C36/75 -> 0.053333333 | G35: walker | H35: =SUM(M3:M6) -> 0.37916667 | I35: 92 | J35: 11 | K35: =I35/580 -> 0.15862069 | L35: =J35/75 -> 0.14666667 | N35: walker | O35: =SUM(M7:M10) -> 0.28472222 | P35: 69 | Q35: 9 | R35: =P35/580 -> 0.11896552 | S35: =Q35/75 -> 0.12 | U35: walker | V35: =SUM(M11:M14) -> 0.52291667 | W35: 115 | X35: 9 | Y35: =W35/580 -> 0.19827586 | Z35: =X35/75 -> 0.12
A36: bowes | B36: 180 | C36: 4 | D36: =B36/720 -> 0.25 | E36: =C36/100 -> 0.04 | G36: bowes | H36: =SUM(N3:N6) -> 0 | K36: =I36/720 -> 0 | L36: =J36/100 -> 0 | N36: bowes | O36: =SUM(N7:N10) -> 0 | R36: =P36/720 -> 0 | S36: =Q36/100 -> 0 | U36: bowes | V36: =SUM(N11:N14) -> 0 | Y36: =W36/720 -> 0 | Z36: =X36/100 -> 0
A37: TOTALS | B37: =AVERAGE(B24:B36) -> 171.53846 | D37: =SUM(D24:D36) -> 3.1198785 | E37: =SUM(E24:E36) -> 0.43135384 | G37: TOTALS | H37: =SUM(H24:H36) -> 3.3715278 | K37: =SUM(K24:K36) -> 1.1214703 | L37: =SUM(L24:L36) -> 0.99429518 | N37: TOTALS | R37: =SUM(R24:R36) -> 0.98597636 | S37: =SUM(S24:S36) -> 0.86173342 | U37: TOTALS | V37: =SUM(V24:V36) -> 3.4118056 | Y37: =SUM(Y24:Y36) -> 1.0672074 | Z37: =SUM(Z24:Z36) -> 0.74212773
O39: game averages
A40: player | B40: mins | C40: total PL | D40: high PL | E40: tPL % | F40: hPL % | H40: player | I40: mins | J40: total PL | K40: high PL | L40: tPL threshold% | M40: hPL threshold% | O40: player | P40: total PL | Q40: high PL
A41: sheppard | B41: =SUM(B15:B21) -> 0.43611111 | C41: 105 | D41: 35 | E41: =C41/750 -> 0.14 | F41: =D41/200 -> 0.175 | H41: sheppard | I41: =SUM(H24,O24,V24,B41) -> 2.0729167 | J41: =SUM(B24,I24,P24,W24,C41) -> 702 | K41: =SUM(C24,J24,Q24,X24,D41) -> 167 | L41: =SUM(D24,K24,R24,Y24,E41) -> 0.936 | M41: =SUM(E24,L24,S24,Z24,F41) -> 0.835 | O41: sheppard | P41: 616 | Q41: 121
